episode,reward
1,-200.0
2,-200.0
3,-200.0
4,-200.0
5,-200.0
6,-200.0
7,-200.0
8,-200.0
9,-200.0
10,-200.0
11,-200.0
12,-200.0
13,-200.0
14,-200.0
15,-200.0
16,-200.0
17,-200.0
18,-200.0
19,-200.0
20,-200.0
21,-200.0
22,-200.0
23,-200.0
24,-200.0
25,-200.0
26,-200.0
27,-200.0
28,-200.0
29,-200.0
30,-200.0
31,-200.0
32,-200.0
33,-200.0
34,-200.0
35,-200.0
36,-200.0
37,-200.0
38,-200.0
39,-200.0
40,-200.0
41,-200.0
42,-200.0
43,-200.0
44,-200.0
45,-200.0
46,-200.0
47,-200.0
48,-200.0
49,-200.0
50,-200.0
51,-200.0
52,-200.0
53,-200.0
54,-200.0
55,-200.0
56,-200.0
57,-200.0
58,-200.0
59,-200.0
60,-200.0
61,-200.0
62,-200.0
63,-200.0
64,-200.0
65,-200.0
66,-200.0
67,-200.0
68,-200.0
69,-200.0
70,-200.0
71,-200.0
72,-200.0
73,-200.0
74,-200.0
75,-200.0
76,-200.0
77,-200.0
78,-200.0
79,-200.0
80,-200.0
81,-200.0
82,-200.0
83,-200.0
84,-200.0
85,-200.0
86,-200.0
87,-200.0
88,-200.0
89,-200.0
90,-200.0
91,-200.0
92,-200.0
93,-200.0
94,-200.0
95,-200.0
96,-200.0
97,-200.0
98,-200.0
99,-200.0
100,-200.0
101,-200.0
102,-200.0
103,-200.0
104,-200.0
105,-200.0
106,-200.0
107,-200.0
108,-200.0
109,-200.0
110,-200.0
111,-200.0
112,-200.0
113,-200.0
114,-200.0
115,-200.0
116,-200.0
117,-200.0
118,-200.0
119,-200.0
120,-200.0
121,-200.0
122,-200.0
123,-200.0
124,-200.0
125,-200.0
126,-200.0
127,-200.0
128,-200.0
129,-200.0
130,-200.0
131,-200.0
132,-200.0
133,-200.0
134,-200.0
135,-200.0
136,-200.0
137,-200.0
138,-200.0
139,-200.0
140,-200.0
141,-200.0
142,-200.0
143,-200.0
144,-200.0
145,-200.0
146,-200.0
147,-200.0
148,-200.0
149,-200.0
150,-200.0
151,-200.0
152,-200.0
153,-200.0
154,-200.0
155,-200.0
156,-200.0
157,-200.0
158,-200.0
159,-200.0
160,-200.0
161,-200.0
162,-200.0
163,-200.0
164,-200.0
165,-200.0
166,-200.0
167,-200.0
168,-200.0
169,-200.0
170,-200.0
171,-200.0
172,-200.0
173,-200.0
174,-200.0
175,-200.0
176,-200.0
177,-200.0
178,-200.0
179,-200.0
180,-200.0
181,-200.0
182,-200.0
183,-200.0
184,-200.0
185,-200.0
186,-200.0
187,-200.0
188,-200.0
189,-200.0
190,-200.0
191,-200.0
192,-200.0
193,-200.0
194,-200.0
195,-200.0
196,-200.0
197,-200.0
198,-200.0
199,-200.0
200,-200.0
201,-200.0
202,-200.0
203,-200.0
204,-200.0
205,-200.0
206,-200.0
207,-200.0
208,-200.0
209,-200.0
210,-200.0
211,-200.0
212,-200.0
213,-200.0
214,-200.0
215,-200.0
216,-200.0
217,-200.0
218,-200.0
219,-200.0
220,-200.0
221,-200.0
222,-200.0
223,-200.0
224,-200.0
225,-200.0
226,-200.0
227,-200.0
228,-200.0
229,-200.0
230,-200.0
231,-200.0
232,-200.0
233,-200.0
234,-200.0
235,-200.0
236,-200.0
237,-200.0
238,-200.0
239,-200.0
240,-200.0
241,-200.0
242,-200.0
243,-200.0
244,-200.0
245,-200.0
246,-200.0
247,-200.0
248,-200.0
249,-200.0
250,-200.0
251,-200.0
252,-200.0
253,-200.0
254,-200.0
255,-200.0
256,-200.0
257,-200.0
258,-200.0
259,-200.0
260,-200.0
261,-200.0
262,-200.0
263,-200.0
264,-200.0
265,-200.0
266,-200.0
267,-200.0
268,-200.0
269,-200.0
270,-200.0
271,-200.0
272,-200.0
273,-200.0
274,-200.0
275,-200.0
276,-200.0
277,-200.0
278,-200.0
279,-200.0
280,-200.0
281,-200.0
282,-200.0
283,-200.0
284,-200.0
285,-200.0
286,-200.0
287,-200.0
288,-200.0
289,-200.0
290,-200.0
291,-200.0
292,-200.0
293,-200.0
294,-200.0
295,-200.0
296,-200.0
297,-200.0
298,-200.0
299,-200.0
300,-200.0
301,-200.0
302,-200.0
303,-200.0
304,-200.0
305,-200.0
306,-200.0
307,-200.0
308,-200.0
309,-200.0
310,-200.0
311,-200.0
312,-200.0
313,-200.0
314,-200.0
315,-200.0
316,-200.0
317,-200.0
318,-200.0
319,-200.0
320,-200.0
321,-200.0
322,-200.0
323,-200.0
324,-200.0
325,-200.0
326,-200.0
327,-200.0
328,-200.0
329,-200.0
330,-200.0
331,-200.0
332,-200.0
333,-200.0
334,-200.0
335,-200.0
336,-200.0
337,-200.0
338,-200.0
339,-200.0
340,-200.0
341,-200.0
342,-200.0
343,-200.0
344,-200.0
345,-200.0
346,-200.0
347,-200.0
348,-200.0
349,-200.0
350,-200.0
351,-200.0
352,-200.0
353,-200.0
354,-200.0
355,-200.0
356,-200.0
357,-200.0
358,-200.0
359,-200.0
360,-200.0
361,-200.0
362,-200.0
363,-200.0
364,-200.0
365,-200.0
366,-200.0
367,-200.0
368,-200.0
369,-200.0
370,-200.0
371,-200.0
372,-200.0
373,-200.0
374,-200.0
375,-200.0
376,-200.0
377,-200.0
378,-200.0
379,-200.0
380,-200.0
381,-200.0
382,-200.0
383,-200.0
384,-200.0
385,-200.0
386,-200.0
387,-200.0
388,-200.0
389,-200.0
390,-200.0
391,-200.0
392,-200.0
393,-200.0
394,-200.0
395,-200.0
396,-200.0
397,-200.0
398,-200.0
399,-200.0
400,-200.0
401,-200.0
402,-200.0
403,-200.0
404,-200.0
405,-200.0
406,-200.0
407,-200.0
408,-200.0
409,-200.0
410,-200.0
411,-200.0
412,-200.0
413,-200.0
414,-200.0
415,-200.0
416,-200.0
417,-200.0
418,-200.0
419,-200.0
420,-200.0
421,-200.0
422,-200.0
423,-200.0
424,-200.0
425,-200.0
426,-200.0
427,-200.0
428,-200.0
429,-200.0
430,-200.0
431,-200.0
432,-200.0
433,-200.0
434,-200.0
435,-200.0
436,-200.0
437,-200.0
438,-200.0
439,-200.0
440,-200.0
441,-200.0
442,-200.0
443,-200.0
444,-200.0
445,-200.0
446,-200.0
447,-200.0
448,-200.0
449,-200.0
450,-200.0
451,-200.0
452,-200.0
453,-200.0
454,-200.0
455,-200.0
456,-200.0
457,-200.0
458,-200.0
459,-200.0
460,-200.0
461,-200.0
462,-200.0
463,-200.0
464,-200.0
465,-200.0
466,-200.0
467,-200.0
468,-200.0
469,-200.0
470,-200.0
471,-200.0
472,-200.0
473,-200.0
474,-200.0
475,-200.0
476,-200.0
477,-200.0
478,-200.0
479,-200.0
480,-200.0
481,-200.0
482,-200.0
483,-200.0
484,-200.0
485,-200.0
486,-200.0
487,-200.0
488,-200.0
489,-200.0
490,-200.0
491,-200.0
492,-200.0
493,-200.0
494,-200.0
495,-200.0
496,-200.0
497,-200.0
498,-200.0
499,-200.0
500,-200.0
501,-200.0
502,-200.0
503,-200.0
504,-200.0
505,-200.0
506,-200.0
507,-200.0
508,-200.0
509,-200.0
510,-200.0
511,-200.0
512,-200.0
513,-200.0
514,-200.0
515,-200.0
516,-200.0
517,-200.0
518,-200.0
519,-200.0
520,-200.0
521,-200.0
522,-200.0
523,-200.0
524,-200.0
525,-200.0
526,-200.0
527,-200.0
528,-200.0
529,-200.0
530,-200.0
531,-200.0
532,-200.0
533,-200.0
534,-200.0
535,-200.0
536,-200.0
537,-200.0
538,-200.0
539,-200.0
540,-200.0
541,-200.0
542,-200.0
543,-200.0
544,-200.0
545,-200.0
546,-200.0
547,-200.0
548,-200.0
549,-200.0
550,-200.0
551,-200.0
552,-200.0
553,-200.0
554,-200.0
555,-200.0
556,-200.0
557,-200.0
558,-200.0
559,-200.0
560,-200.0
561,-200.0
562,-200.0
563,-200.0
564,-200.0
565,-200.0
566,-200.0
567,-200.0
568,-200.0
569,-200.0
570,-200.0
571,-200.0
572,-200.0
573,-200.0
574,-200.0
575,-200.0
576,-200.0
577,-200.0
578,-200.0
579,-200.0
580,-200.0
581,-200.0
582,-200.0
583,-200.0
584,-200.0
585,-200.0
586,-200.0
587,-200.0
588,-200.0
589,-200.0
590,-200.0
591,-200.0
592,-200.0
593,-200.0
594,-200.0
595,-200.0
596,-200.0
597,-200.0
598,-200.0
599,-200.0
600,-200.0
601,-200.0
602,-200.0
603,-200.0
604,-200.0
605,-200.0
606,-200.0
607,-200.0
608,-200.0
609,-200.0
610,-200.0
611,-200.0
612,-200.0
613,-200.0
614,-200.0
615,-200.0
616,-200.0
617,-200.0
618,-200.0
619,-200.0
620,-200.0
621,-200.0
622,-200.0
623,-200.0
624,-200.0
625,-200.0
626,-200.0
627,-200.0
628,-200.0
629,-200.0
630,-200.0
631,-200.0
632,-200.0
633,-200.0
634,-200.0
635,-200.0
636,-200.0
637,-200.0
638,-200.0
639,-200.0
640,-200.0
641,-200.0
642,-200.0
643,-200.0
644,-200.0
645,-200.0
646,-200.0
647,-200.0
648,-200.0
649,-200.0
650,-200.0
651,-200.0
652,-200.0
653,-200.0
654,-200.0
655,-200.0
656,-200.0
657,-200.0
658,-200.0
659,-200.0
660,-200.0
661,-200.0
662,-200.0
663,-200.0
664,-200.0
665,-200.0
666,-200.0
667,-200.0
668,-200.0
669,-200.0
670,-200.0
671,-200.0
672,-200.0
673,-200.0
674,-200.0
675,-200.0
676,-200.0
677,-200.0
678,-200.0
679,-200.0
680,-200.0
681,-200.0
682,-200.0
683,-200.0
684,-200.0
685,-200.0
686,-200.0
687,-200.0
688,-200.0
689,-200.0
690,-200.0
691,-200.0
692,-200.0
693,-200.0
694,-200.0
695,-200.0
696,-200.0
697,-200.0
698,-200.0
699,-200.0
700,-200.0
701,-200.0
702,-200.0
703,-200.0
704,-200.0
705,-200.0
706,-200.0
707,-200.0
708,-200.0
709,-200.0
710,-200.0
711,-200.0
712,-200.0
713,-200.0
714,-200.0
715,-200.0
716,-200.0
717,-200.0
718,-200.0
719,-200.0
720,-200.0
721,-200.0
722,-200.0
723,-200.0
724,-200.0
725,-200.0
726,-200.0
727,-200.0
728,-200.0
729,-200.0
730,-200.0
731,-200.0
732,-200.0
733,-200.0
734,-200.0
735,-200.0
736,-200.0
737,-200.0
738,-200.0
739,-200.0
740,-200.0
741,-200.0
742,-200.0
743,-200.0
744,-200.0
745,-200.0
746,-200.0
747,-200.0
748,-200.0
749,-200.0
750,-200.0
751,-200.0
752,-200.0
753,-200.0
754,-200.0
755,-200.0
756,-200.0
757,-200.0
758,-200.0
759,-200.0
760,-200.0
761,-200.0
762,-200.0
763,-200.0
764,-200.0
765,-200.0
766,-200.0
767,-200.0
768,-200.0
769,-200.0
770,-200.0
771,-200.0
772,-200.0
773,-200.0
774,-200.0
775,-200.0
776,-200.0
777,-200.0
778,-200.0
779,-200.0
780,-200.0
781,-200.0
782,-200.0
783,-200.0
784,-200.0
785,-200.0
786,-200.0
787,-200.0
788,-200.0
789,-200.0
790,-200.0
791,-200.0
792,-200.0
793,-200.0
794,-200.0
795,-200.0
796,-200.0
797,-200.0
798,-200.0
799,-200.0
800,-200.0
801,-200.0
802,-200.0
803,-200.0
804,-200.0
805,-200.0
806,-200.0
807,-200.0
808,-200.0
809,-200.0
810,-200.0
811,-200.0
812,-200.0
813,-200.0
814,-200.0
815,-200.0
816,-200.0
817,-200.0
818,-200.0
819,-200.0
820,-200.0
821,-200.0
822,-200.0
823,-200.0
824,-200.0
825,-200.0
826,-200.0
827,-200.0
828,-200.0
829,-200.0
830,-200.0
831,-200.0
832,-200.0
833,-200.0
834,-200.0
835,-200.0
836,-200.0
837,-200.0
838,-200.0
839,-200.0
840,-200.0
841,-200.0
842,-200.0
843,-200.0
844,-200.0
845,-200.0
846,-200.0
847,-200.0
848,-200.0
849,-200.0
850,-200.0
851,-200.0
852,-200.0
853,-200.0
854,-200.0
855,-200.0
856,-200.0
857,-200.0
858,-200.0
859,-200.0
860,-200.0
861,-200.0
862,-200.0
863,-200.0
864,-200.0
865,-200.0
866,-200.0
867,-200.0
868,-200.0
869,-200.0
870,-200.0
871,-200.0
872,-200.0
873,-200.0
874,-200.0
875,-200.0
876,-200.0
877,-200.0
878,-200.0
879,-200.0
880,-200.0
881,-200.0
882,-200.0
883,-200.0
884,-200.0
885,-200.0
886,-200.0
887,-200.0
888,-200.0
889,-200.0
890,-200.0
891,-200.0
892,-200.0
893,-200.0
894,-200.0
895,-200.0
896,-200.0
897,-200.0
898,-200.0
899,-200.0
900,-200.0
901,-200.0
902,-200.0
903,-200.0
904,-200.0
905,-200.0
906,-200.0
907,-200.0
908,-200.0
909,-200.0
910,-200.0
911,-200.0
912,-200.0
913,-200.0
914,-200.0
915,-200.0
916,-200.0
917,-200.0
918,-200.0
919,-200.0
920,-200.0
921,-200.0
922,-200.0
923,-200.0
924,-200.0
925,-200.0
926,-200.0
927,-200.0
928,-200.0
929,-200.0
930,-200.0
931,-200.0
932,-200.0
933,-200.0
934,-200.0
935,-200.0
936,-200.0
937,-200.0
938,-200.0
939,-200.0
940,-200.0
941,-200.0
942,-200.0
943,-200.0
944,-200.0
945,-200.0
946,-200.0
947,-200.0
948,-200.0
949,-200.0
950,-200.0
951,-200.0
952,-200.0
953,-200.0
954,-200.0
955,-200.0
956,-200.0
957,-200.0
958,-200.0
959,-200.0
960,-200.0
961,-200.0
962,-200.0
963,-200.0
964,-200.0
965,-200.0
966,-200.0
967,-200.0
968,-200.0
969,-200.0
970,-200.0
971,-200.0
972,-200.0
973,-200.0
974,-200.0
975,-200.0
976,-200.0
977,-200.0
978,-200.0
979,-200.0
980,-200.0
981,-200.0
982,-200.0
983,-200.0
984,-200.0
985,-200.0
986,-200.0
987,-200.0
988,-200.0
989,-200.0
990,-200.0
991,-200.0
992,-200.0
993,-200.0
994,-200.0
995,-200.0
996,-200.0
997,-200.0
998,-200.0
999,-200.0
1000,-200.0
1001,-200.0
1002,-200.0
1003,-200.0
1004,-200.0
1005,-200.0
1006,-200.0
1007,-200.0
1008,-200.0
1009,-200.0
1010,-200.0
1011,-200.0
1012,-200.0
1013,-200.0
1014,-200.0
1015,-200.0
1016,-200.0
1017,-200.0
1018,-200.0
1019,-200.0
1020,-200.0
1021,-200.0
1022,-200.0
1023,-200.0
1024,-200.0
1025,-200.0
1026,-200.0
1027,-200.0
1028,-200.0
1029,-200.0
1030,-200.0
1031,-200.0
1032,-200.0
1033,-200.0
1034,-200.0
1035,-200.0
1036,-200.0
1037,-200.0
1038,-200.0
1039,-200.0
1040,-200.0
1041,-200.0
1042,-200.0
1043,-200.0
1044,-200.0
1045,-200.0
1046,-200.0
1047,-200.0
1048,-200.0
1049,-200.0
1050,-200.0
1051,-200.0
1052,-200.0
1053,-200.0
1054,-200.0
1055,-200.0
1056,-200.0
1057,-200.0
1058,-200.0
1059,-200.0
1060,-200.0
1061,-200.0
1062,-200.0
1063,-200.0
1064,-200.0
1065,-200.0
1066,-200.0
1067,-200.0
1068,-200.0
1069,-200.0
1070,-200.0
1071,-200.0
1072,-200.0
1073,-200.0
1074,-200.0
1075,-200.0
1076,-200.0
1077,-200.0
1078,-200.0
1079,-200.0
1080,-200.0
1081,-200.0
1082,-200.0
1083,-200.0
1084,-200.0
1085,-200.0
1086,-200.0
1087,-200.0
1088,-200.0
1089,-200.0
1090,-200.0
1091,-200.0
1092,-200.0
1093,-200.0
1094,-200.0
1095,-200.0
1096,-200.0
1097,-200.0
1098,-200.0
1099,-200.0
1100,-200.0
1101,-200.0
1102,-200.0
1103,-200.0
1104,-200.0
1105,-200.0
1106,-200.0
1107,-200.0
1108,-200.0
1109,-200.0
1110,-200.0
1111,-200.0
1112,-200.0
1113,-200.0
1114,-200.0
1115,-200.0
1116,-200.0
1117,-200.0
1118,-200.0
1119,-200.0
1120,-200.0
1121,-200.0
1122,-200.0
1123,-200.0
1124,-200.0
1125,-200.0
1126,-200.0
1127,-200.0
1128,-200.0
1129,-200.0
1130,-200.0
1131,-200.0
1132,-200.0
1133,-200.0
1134,-200.0
1135,-200.0
1136,-200.0
1137,-200.0
1138,-200.0
1139,-200.0
1140,-200.0
1141,-200.0
1142,-200.0
1143,-200.0
1144,-200.0
1145,-200.0
1146,-200.0
1147,-200.0
1148,-200.0
1149,-200.0
1150,-200.0
1151,-200.0
1152,-200.0
1153,-200.0
1154,-200.0
1155,-200.0
1156,-200.0
1157,-200.0
1158,-200.0
1159,-200.0
1160,-200.0
1161,-200.0
1162,-200.0
1163,-200.0
1164,-200.0
1165,-200.0
1166,-200.0
1167,-200.0
1168,-200.0
1169,-200.0
1170,-200.0
1171,-200.0
1172,-200.0
1173,-200.0
1174,-200.0
1175,-200.0
1176,-200.0
1177,-200.0
1178,-200.0
1179,-200.0
1180,-200.0
1181,-200.0
1182,-200.0
1183,-200.0
1184,-200.0
1185,-200.0
1186,-200.0
1187,-200.0
1188,-200.0
1189,-200.0
1190,-200.0
1191,-200.0
1192,-200.0
1193,-200.0
1194,-200.0
1195,-200.0
1196,-200.0
1197,-200.0
1198,-200.0
1199,-200.0
1200,-200.0
1201,-200.0
1202,-200.0
1203,-200.0
1204,-200.0
1205,-200.0
1206,-200.0
1207,-200.0
1208,-200.0
1209,-200.0
1210,-200.0
1211,-200.0
1212,-200.0
1213,-200.0
1214,-200.0
1215,-200.0
1216,-200.0
1217,-200.0
1218,-200.0
1219,-200.0
1220,-200.0
1221,-200.0
1222,-200.0
1223,-200.0
1224,-200.0
1225,-200.0
1226,-200.0
1227,-200.0
1228,-200.0
1229,-200.0
1230,-200.0
1231,-200.0
1232,-200.0
1233,-200.0
1234,-200.0
1235,-200.0
1236,-200.0
1237,-200.0
1238,-200.0
1239,-200.0
1240,-200.0
1241,-200.0
1242,-200.0
1243,-200.0
1244,-200.0
1245,-200.0
1246,-200.0
1247,-200.0
1248,-200.0
1249,-200.0
1250,-200.0
1251,-200.0
1252,-200.0
1253,-200.0
1254,-200.0
1255,-200.0
1256,-200.0
1257,-200.0
1258,-200.0
1259,-200.0
1260,-200.0
1261,-200.0
1262,-200.0
1263,-200.0
1264,-200.0
1265,-200.0
1266,-200.0
1267,-200.0
1268,-200.0
1269,-200.0
1270,-200.0
1271,-200.0
1272,-200.0
1273,-200.0
1274,-200.0
1275,-200.0
1276,-200.0
1277,-200.0
1278,-200.0
1279,-200.0
1280,-200.0
1281,-200.0
1282,-200.0
1283,-200.0
1284,-200.0
1285,-200.0
1286,-200.0
1287,-200.0
1288,-200.0
1289,-200.0
1290,-200.0
1291,-200.0
1292,-200.0
1293,-200.0
1294,-200.0
1295,-200.0
1296,-200.0
1297,-200.0
1298,-200.0
1299,-200.0
1300,-200.0
1301,-200.0
1302,-200.0
1303,-200.0
1304,-200.0
1305,-200.0
1306,-200.0
1307,-200.0
1308,-200.0
1309,-200.0
1310,-200.0
1311,-200.0
1312,-200.0
1313,-200.0
1314,-200.0
1315,-200.0
1316,-200.0
1317,-200.0
1318,-200.0
1319,-200.0
1320,-200.0
1321,-200.0
1322,-200.0
1323,-200.0
1324,-200.0
1325,-200.0
1326,-200.0
1327,-200.0
1328,-200.0
1329,-200.0
1330,-200.0
1331,-200.0
1332,-200.0
1333,-200.0
1334,-200.0
1335,-200.0
1336,-200.0
1337,-200.0
1338,-200.0
1339,-200.0
1340,-200.0
1341,-200.0
1342,-200.0
1343,-200.0
1344,-200.0
1345,-200.0
1346,-200.0
1347,-200.0
1348,-200.0
1349,-200.0
1350,-200.0
1351,-200.0
1352,-200.0
1353,-200.0
1354,-200.0
1355,-200.0
1356,-200.0
1357,-200.0
1358,-200.0
1359,-200.0
1360,-200.0
1361,-200.0
1362,-200.0
1363,-200.0
1364,-200.0
1365,-200.0
1366,-200.0
1367,-200.0
1368,-200.0
1369,-200.0
1370,-200.0
1371,-200.0
1372,-200.0
1373,-200.0
1374,-200.0
1375,-200.0
1376,-200.0
1377,-200.0
1378,-200.0
1379,-200.0
1380,-200.0
1381,-200.0
1382,-200.0
1383,-200.0
1384,-200.0
1385,-200.0
1386,-200.0
1387,-200.0
1388,-200.0
1389,-200.0
1390,-200.0
1391,-200.0
1392,-200.0
1393,-200.0
1394,-200.0
1395,-200.0
1396,-200.0
1397,-200.0
1398,-200.0
1399,-200.0
1400,-200.0
1401,-200.0
1402,-200.0
1403,-200.0
1404,-200.0
1405,-200.0
1406,-200.0
1407,-200.0
1408,-200.0
1409,-200.0
1410,-200.0
1411,-200.0
1412,-200.0
1413,-200.0
1414,-200.0
1415,-200.0
1416,-200.0
1417,-200.0
1418,-200.0
1419,-200.0
1420,-200.0
1421,-200.0
1422,-200.0
1423,-200.0
1424,-200.0
1425,-200.0
1426,-200.0
1427,-200.0
1428,-200.0
1429,-200.0
1430,-200.0
1431,-200.0
1432,-200.0
1433,-200.0
1434,-200.0
1435,-200.0
1436,-200.0
1437,-200.0
1438,-200.0
1439,-200.0
1440,-200.0
1441,-200.0
1442,-200.0
1443,-200.0
1444,-200.0
1445,-200.0
1446,-200.0
1447,-200.0
1448,-200.0
1449,-200.0
1450,-200.0
1451,-200.0
1452,-200.0
1453,-200.0
1454,-200.0
1455,-200.0
1456,-200.0
1457,-200.0
1458,-200.0
1459,-200.0
1460,-200.0
1461,-200.0
1462,-200.0
1463,-200.0
1464,-200.0
1465,-200.0
1466,-200.0
1467,-200.0
1468,-200.0
1469,-200.0
1470,-200.0
1471,-200.0
1472,-200.0
1473,-200.0
1474,-200.0
1475,-200.0
1476,-200.0
1477,-200.0
1478,-200.0
1479,-200.0
1480,-200.0
1481,-200.0
1482,-200.0
1483,-200.0
1484,-200.0
1485,-200.0
1486,-200.0
1487,-200.0
1488,-200.0
1489,-200.0
1490,-200.0
1491,-200.0
1492,-200.0
1493,-200.0
1494,-200.0
1495,-200.0
1496,-200.0
1497,-200.0
1498,-200.0
1499,-200.0
1500,-200.0
1501,-200.0
1502,-200.0
1503,-200.0
1504,-200.0
1505,-200.0
1506,-200.0
1507,-200.0
1508,-200.0
1509,-200.0
1510,-200.0
1511,-200.0
1512,-200.0
1513,-200.0
1514,-200.0
1515,-200.0
1516,-200.0
1517,-200.0
1518,-200.0
1519,-200.0
1520,-200.0
1521,-200.0
1522,-200.0
1523,-200.0
1524,-200.0
1525,-200.0
1526,-200.0
1527,-200.0
1528,-200.0
1529,-200.0
1530,-200.0
1531,-200.0
1532,-200.0
1533,-200.0
1534,-200.0
1535,-200.0
1536,-200.0
1537,-200.0
1538,-200.0
1539,-200.0
1540,-200.0
1541,-200.0
1542,-200.0
1543,-200.0
1544,-200.0
1545,-200.0
1546,-200.0
1547,-200.0
1548,-200.0
1549,-200.0
1550,-200.0
1551,-200.0
1552,-200.0
1553,-200.0
1554,-200.0
1555,-200.0
1556,-200.0
1557,-200.0
1558,-200.0
1559,-200.0
1560,-200.0
1561,-200.0
1562,-200.0
1563,-200.0
1564,-200.0
1565,-200.0
1566,-200.0
1567,-200.0
1568,-200.0
1569,-200.0
1570,-200.0
1571,-200.0
1572,-200.0
1573,-200.0
1574,-200.0
1575,-200.0
1576,-200.0
1577,-200.0
1578,-200.0
1579,-200.0
1580,-200.0
1581,-200.0
1582,-200.0
1583,-200.0
1584,-200.0
1585,-200.0
1586,-200.0
1587,-200.0
1588,-200.0
1589,-200.0
1590,-200.0
1591,-200.0
1592,-200.0
1593,-200.0
1594,-200.0
1595,-200.0
1596,-200.0
1597,-200.0
1598,-200.0
1599,-200.0
1600,-200.0
1601,-200.0
1602,-200.0
1603,-200.0
1604,-200.0
1605,-200.0
1606,-200.0
1607,-200.0
1608,-200.0
1609,-200.0
1610,-200.0
1611,-200.0
1612,-200.0
1613,-200.0
1614,-200.0
1615,-200.0
1616,-200.0
1617,-200.0
1618,-200.0
1619,-200.0
1620,-200.0
1621,-200.0
1622,-200.0
1623,-200.0
1624,-200.0
1625,-200.0
1626,-200.0
1627,-200.0
1628,-200.0
1629,-200.0
1630,-200.0
1631,-200.0
1632,-200.0
1633,-200.0
1634,-200.0
1635,-200.0
1636,-200.0
1637,-200.0
1638,-200.0
1639,-200.0
1640,-200.0
1641,-200.0
1642,-200.0
1643,-200.0
1644,-200.0
1645,-200.0
1646,-200.0
1647,-200.0
1648,-200.0
1649,-200.0
1650,-200.0
1651,-200.0
1652,-200.0
1653,-200.0
1654,-200.0
1655,-200.0
1656,-200.0
1657,-200.0
1658,-200.0
1659,-200.0
1660,-200.0
1661,-200.0
1662,-200.0
1663,-200.0
1664,-200.0
1665,-200.0
1666,-200.0
1667,-200.0
1668,-200.0
1669,-200.0
1670,-200.0
1671,-200.0
1672,-200.0
1673,-200.0
1674,-200.0
1675,-200.0
1676,-200.0
1677,-200.0
1678,-200.0
1679,-200.0
1680,-200.0
1681,-200.0
1682,-200.0
1683,-200.0
1684,-200.0
1685,-200.0
1686,-200.0
1687,-200.0
1688,-200.0
1689,-200.0
1690,-200.0
1691,-200.0
1692,-200.0
1693,-200.0
1694,-200.0
1695,-200.0
1696,-200.0
1697,-200.0
1698,-200.0
1699,-200.0
1700,-200.0
1701,-200.0
1702,-200.0
1703,-200.0
1704,-200.0
1705,-163.0
1706,-200.0
1707,-173.0
1708,-200.0
1709,-200.0
1710,-200.0
1711,-200.0
1712,-200.0
1713,-200.0
1714,-200.0
1715,-200.0
1716,-200.0
1717,-200.0
1718,-200.0
1719,-200.0
1720,-200.0
1721,-200.0
1722,-200.0
1723,-200.0
1724,-200.0
1725,-200.0
1726,-200.0
1727,-200.0
1728,-200.0
1729,-200.0
1730,-200.0
1731,-200.0
1732,-200.0
1733,-200.0
1734,-200.0
1735,-200.0
1736,-200.0
1737,-200.0
1738,-200.0
1739,-200.0
1740,-200.0
1741,-200.0
1742,-200.0
1743,-200.0
1744,-200.0
1745,-200.0
1746,-200.0
1747,-200.0
1748,-200.0
1749,-200.0
1750,-200.0
1751,-200.0
1752,-200.0
1753,-200.0
1754,-200.0
1755,-200.0
1756,-200.0
1757,-200.0
1758,-200.0
1759,-200.0
1760,-200.0
1761,-200.0
1762,-200.0
1763,-200.0
1764,-200.0
1765,-200.0
1766,-200.0
1767,-200.0
1768,-200.0
1769,-200.0
1770,-200.0
1771,-200.0
1772,-200.0
1773,-200.0
1774,-200.0
1775,-200.0
1776,-200.0
1777,-200.0
1778,-200.0
1779,-200.0
1780,-200.0
1781,-200.0
1782,-200.0
1783,-200.0
1784,-200.0
1785,-200.0
1786,-200.0
1787,-200.0
1788,-200.0
1789,-200.0
1790,-200.0
1791,-200.0
1792,-200.0
1793,-200.0
1794,-200.0
1795,-200.0
1796,-200.0
1797,-200.0
1798,-200.0
1799,-200.0
1800,-200.0
1801,-200.0
1802,-200.0
1803,-200.0
1804,-200.0
1805,-200.0
1806,-200.0
1807,-200.0
1808,-200.0
1809,-200.0
1810,-200.0
1811,-200.0
1812,-200.0
1813,-200.0
1814,-200.0
1815,-200.0
1816,-200.0
1817,-200.0
1818,-200.0
1819,-200.0
1820,-200.0
1821,-200.0
1822,-200.0
1823,-200.0
1824,-200.0
1825,-200.0
1826,-200.0
1827,-200.0
1828,-200.0
1829,-200.0
1830,-200.0
1831,-200.0
1832,-200.0
1833,-200.0
1834,-200.0
1835,-200.0
1836,-200.0
1837,-200.0
1838,-200.0
1839,-200.0
1840,-200.0
1841,-200.0
1842,-200.0
1843,-200.0
1844,-200.0
1845,-200.0
1846,-200.0
1847,-200.0
1848,-200.0
1849,-200.0
1850,-200.0
1851,-200.0
1852,-200.0
1853,-200.0
1854,-200.0
1855,-196.0
1856,-168.0
1857,-200.0
1858,-200.0
1859,-200.0
1860,-200.0
1861,-200.0
1862,-200.0
1863,-200.0
1864,-200.0
1865,-200.0
1866,-200.0
1867,-200.0
1868,-200.0
1869,-200.0
1870,-200.0
1871,-200.0
1872,-200.0
1873,-200.0
1874,-200.0
1875,-200.0
1876,-200.0
1877,-200.0
1878,-200.0
1879,-200.0
1880,-200.0
1881,-200.0
1882,-200.0
1883,-200.0
1884,-200.0
1885,-200.0
1886,-200.0
1887,-200.0
1888,-200.0
1889,-200.0
1890,-200.0
1891,-200.0
1892,-200.0
1893,-200.0
1894,-200.0
1895,-200.0
1896,-200.0
1897,-200.0
1898,-200.0
1899,-200.0
1900,-200.0
1901,-200.0
1902,-200.0
1903,-200.0
1904,-200.0
1905,-200.0
1906,-200.0
1907,-200.0
1908,-200.0
1909,-200.0
1910,-200.0
1911,-200.0
1912,-200.0
1913,-200.0
1914,-200.0
1915,-200.0
1916,-200.0
1917,-200.0
1918,-200.0
1919,-200.0
1920,-200.0
1921,-200.0
1922,-200.0
1923,-200.0
1924,-200.0
1925,-200.0
1926,-200.0
1927,-200.0
1928,-200.0
1929,-200.0
1930,-200.0
1931,-200.0
1932,-200.0
1933,-200.0
1934,-200.0
1935,-200.0
1936,-200.0
1937,-200.0
1938,-200.0
1939,-200.0
1940,-200.0
1941,-200.0
1942,-200.0
1943,-200.0
1944,-200.0
1945,-200.0
1946,-200.0
1947,-200.0
1948,-200.0
1949,-200.0
1950,-200.0
1951,-200.0
1952,-200.0
1953,-200.0
1954,-200.0
1955,-200.0
1956,-200.0
1957,-200.0
1958,-200.0
1959,-200.0
1960,-200.0
1961,-200.0
1962,-200.0
1963,-200.0
1964,-200.0
1965,-200.0
1966,-200.0
1967,-200.0
1968,-200.0
1969,-200.0
1970,-200.0
1971,-200.0
1972,-196.0
1973,-200.0
1974,-200.0
1975,-200.0
1976,-200.0
1977,-200.0
1978,-200.0
1979,-200.0
1980,-200.0
1981,-200.0
1982,-200.0
1983,-200.0
1984,-200.0
1985,-200.0
1986,-200.0
1987,-200.0
1988,-200.0
1989,-200.0
1990,-200.0
1991,-200.0
1992,-200.0
1993,-200.0
1994,-200.0
1995,-200.0
1996,-200.0
1997,-200.0
1998,-200.0
1999,-200.0
2000,-200.0
2001,-200.0
2002,-200.0
2003,-200.0
2004,-200.0
2005,-200.0
2006,-200.0
2007,-200.0
2008,-200.0
2009,-200.0
2010,-200.0
2011,-200.0
2012,-200.0
2013,-200.0
2014,-200.0
2015,-200.0
2016,-200.0
2017,-200.0
2018,-200.0
2019,-200.0
2020,-200.0
2021,-200.0
2022,-200.0
2023,-200.0
2024,-200.0
2025,-200.0
2026,-200.0
2027,-200.0
2028,-200.0
2029,-200.0
2030,-200.0
2031,-200.0
2032,-200.0
2033,-200.0
2034,-200.0
2035,-176.0
2036,-200.0
2037,-200.0
2038,-200.0
2039,-200.0
2040,-200.0
2041,-200.0
2042,-200.0
2043,-200.0
2044,-200.0
2045,-200.0
2046,-200.0
2047,-200.0
2048,-200.0
2049,-200.0
2050,-200.0
2051,-200.0
2052,-200.0
2053,-200.0
2054,-200.0
2055,-200.0
2056,-200.0
2057,-200.0
2058,-200.0
2059,-200.0
2060,-200.0
2061,-200.0
2062,-200.0
2063,-200.0
2064,-200.0
2065,-200.0
2066,-200.0
2067,-200.0
2068,-200.0
2069,-200.0
2070,-200.0
2071,-200.0
2072,-200.0
2073,-200.0
2074,-200.0
2075,-200.0
2076,-200.0
2077,-200.0
2078,-200.0
2079,-200.0
2080,-200.0
2081,-200.0
2082,-200.0
2083,-200.0
2084,-200.0
2085,-200.0
2086,-200.0
2087,-200.0
2088,-200.0
2089,-200.0
2090,-200.0
2091,-200.0
2092,-200.0
2093,-200.0
2094,-200.0
2095,-200.0
2096,-200.0
2097,-200.0
2098,-200.0
2099,-200.0
2100,-200.0
2101,-200.0
2102,-200.0
2103,-200.0
2104,-200.0
2105,-200.0
2106,-200.0
2107,-200.0
2108,-200.0
2109,-200.0
2110,-192.0
2111,-200.0
2112,-200.0
2113,-200.0
2114,-200.0
2115,-200.0
2116,-175.0
2117,-200.0
2118,-200.0
2119,-200.0
2120,-200.0
2121,-200.0
2122,-200.0
2123,-200.0
2124,-200.0
2125,-200.0
2126,-200.0
2127,-200.0
2128,-192.0
2129,-200.0
2130,-172.0
2131,-179.0
2132,-200.0
2133,-182.0
2134,-199.0
2135,-200.0
2136,-200.0
2137,-200.0
2138,-200.0
2139,-200.0
2140,-200.0
2141,-200.0
2142,-200.0
2143,-200.0
2144,-200.0
2145,-200.0
2146,-200.0
2147,-165.0
2148,-200.0
2149,-200.0
2150,-191.0
2151,-200.0
2152,-200.0
2153,-200.0
2154,-200.0
2155,-200.0
2156,-189.0
2157,-200.0
2158,-200.0
2159,-200.0
2160,-200.0
2161,-200.0
2162,-200.0
2163,-200.0
2164,-200.0
2165,-200.0
2166,-200.0
2167,-191.0
2168,-200.0
2169,-179.0
2170,-200.0
2171,-200.0
2172,-200.0
2173,-200.0
2174,-200.0
2175,-200.0
2176,-200.0
2177,-200.0
2178,-200.0
2179,-200.0
2180,-200.0
2181,-200.0
2182,-200.0
2183,-200.0
2184,-200.0
2185,-200.0
2186,-177.0
2187,-200.0
2188,-200.0
2189,-200.0
2190,-200.0
2191,-200.0
2192,-200.0
2193,-200.0
2194,-200.0
2195,-200.0
2196,-200.0
2197,-200.0
2198,-200.0
2199,-200.0
2200,-200.0
2201,-200.0
2202,-200.0
2203,-200.0
2204,-200.0
2205,-200.0
2206,-200.0
2207,-200.0
2208,-200.0
2209,-200.0
2210,-200.0
2211,-200.0
2212,-200.0
2213,-200.0
2214,-200.0
2215,-200.0
2216,-200.0
2217,-200.0
2218,-200.0
2219,-200.0
2220,-200.0
2221,-200.0
2222,-200.0
2223,-200.0
2224,-200.0
2225,-200.0
2226,-200.0
2227,-200.0
2228,-200.0
2229,-200.0
2230,-200.0
2231,-200.0
2232,-200.0
2233,-200.0
2234,-200.0
2235,-200.0
2236,-200.0
2237,-200.0
2238,-200.0
2239,-200.0
2240,-200.0
2241,-200.0
2242,-200.0
2243,-200.0
2244,-200.0
2245,-200.0
2246,-200.0
2247,-200.0
2248,-200.0
2249,-200.0
2250,-200.0
2251,-200.0
2252,-200.0
2253,-200.0
2254,-200.0
2255,-200.0
2256,-200.0
2257,-200.0
2258,-200.0
2259,-200.0
2260,-200.0
2261,-200.0
2262,-200.0
2263,-200.0
2264,-200.0
2265,-191.0
2266,-200.0
2267,-200.0
2268,-200.0
2269,-200.0
2270,-200.0
2271,-198.0
2272,-200.0
2273,-200.0
2274,-200.0
2275,-200.0
2276,-200.0
2277,-200.0
2278,-200.0
2279,-200.0
2280,-200.0
2281,-200.0
2282,-200.0
2283,-200.0
2284,-174.0
2285,-188.0
2286,-200.0
2287,-200.0
2288,-200.0
2289,-200.0
2290,-200.0
2291,-200.0
2292,-198.0
2293,-200.0
2294,-195.0
2295,-200.0
2296,-200.0
2297,-200.0
2298,-200.0
2299,-200.0
2300,-200.0
2301,-200.0
2302,-200.0
2303,-200.0
2304,-200.0
2305,-200.0
2306,-200.0
2307,-200.0
2308,-200.0
2309,-196.0
2310,-200.0
2311,-200.0
2312,-167.0
2313,-200.0
2314,-200.0
2315,-200.0
2316,-200.0
2317,-200.0
2318,-200.0
2319,-199.0
2320,-200.0
2321,-200.0
2322,-200.0
2323,-163.0
2324,-200.0
2325,-200.0
2326,-200.0
2327,-200.0
2328,-200.0
2329,-161.0
2330,-200.0
2331,-200.0
2332,-200.0
2333,-193.0
2334,-200.0
2335,-200.0
2336,-200.0
2337,-200.0
2338,-200.0
2339,-178.0
2340,-200.0
2341,-200.0
2342,-200.0
2343,-200.0
2344,-200.0
2345,-167.0
2346,-200.0
2347,-200.0
2348,-200.0
2349,-200.0
2350,-200.0
2351,-164.0
2352,-200.0
2353,-200.0
2354,-200.0
2355,-200.0
2356,-200.0
2357,-200.0
2358,-200.0
2359,-200.0
2360,-200.0
2361,-200.0
2362,-200.0
2363,-200.0
2364,-169.0
2365,-160.0
2366,-200.0
2367,-200.0
2368,-200.0
2369,-200.0
2370,-200.0
2371,-166.0
2372,-200.0
2373,-200.0
2374,-200.0
2375,-200.0
2376,-200.0
2377,-200.0
2378,-200.0
2379,-200.0
2380,-200.0
2381,-200.0
2382,-200.0
2383,-200.0
2384,-200.0
2385,-200.0
2386,-200.0
2387,-170.0
2388,-200.0
2389,-198.0
2390,-200.0
2391,-200.0
2392,-200.0
2393,-200.0
2394,-200.0
2395,-200.0
2396,-200.0
2397,-200.0
2398,-200.0
2399,-200.0
2400,-200.0
2401,-167.0
2402,-200.0
2403,-200.0
2404,-200.0
2405,-199.0
2406,-200.0
2407,-200.0
2408,-200.0
2409,-200.0
2410,-200.0
2411,-200.0
2412,-200.0
2413,-200.0
2414,-200.0
2415,-200.0
2416,-200.0
2417,-166.0
2418,-200.0
2419,-200.0
2420,-200.0
2421,-200.0
2422,-200.0
2423,-192.0
2424,-171.0
2425,-200.0
2426,-200.0
2427,-200.0
2428,-200.0
2429,-200.0
2430,-200.0
2431,-197.0
2432,-200.0
2433,-200.0
2434,-200.0
2435,-200.0
2436,-200.0
2437,-200.0
2438,-200.0
2439,-200.0
2440,-200.0
2441,-200.0
2442,-200.0
2443,-200.0
2444,-200.0
2445,-200.0
2446,-200.0
2447,-200.0
2448,-200.0
2449,-200.0
2450,-200.0
2451,-200.0
2452,-200.0
2453,-200.0
2454,-200.0
2455,-200.0
2456,-200.0
2457,-200.0
2458,-200.0
2459,-200.0
2460,-200.0
2461,-200.0
2462,-200.0
2463,-200.0
2464,-200.0
2465,-200.0
2466,-200.0
2467,-200.0
2468,-200.0
2469,-200.0
2470,-200.0
2471,-200.0
2472,-200.0
2473,-200.0
2474,-200.0
2475,-200.0
2476,-200.0
2477,-200.0
2478,-200.0
2479,-200.0
2480,-200.0
2481,-200.0
2482,-200.0
2483,-200.0
2484,-200.0
2485,-200.0
2486,-200.0
2487,-200.0
2488,-200.0
2489,-200.0
2490,-200.0
2491,-200.0
2492,-200.0
2493,-200.0
2494,-200.0
2495,-200.0
2496,-200.0
2497,-200.0
2498,-200.0
2499,-200.0
2500,-200.0
2501,-200.0
2502,-200.0
2503,-200.0
2504,-200.0
2505,-200.0
2506,-200.0
2507,-200.0
2508,-195.0
2509,-200.0
2510,-200.0
2511,-200.0
2512,-200.0
2513,-200.0
2514,-200.0
2515,-166.0
2516,-200.0
2517,-198.0
2518,-200.0
2519,-200.0
2520,-200.0
2521,-200.0
2522,-186.0
2523,-200.0
2524,-200.0
2525,-200.0
2526,-200.0
2527,-200.0
2528,-200.0
2529,-181.0
2530,-200.0
2531,-177.0
2532,-200.0
2533,-200.0
2534,-200.0
2535,-200.0
2536,-160.0
2537,-200.0
2538,-200.0
2539,-200.0
2540,-200.0
2541,-200.0
2542,-200.0
2543,-200.0
2544,-200.0
2545,-200.0
2546,-200.0
2547,-200.0
2548,-200.0
2549,-200.0
2550,-200.0
2551,-200.0
2552,-200.0
2553,-200.0
2554,-200.0
2555,-200.0
2556,-200.0
2557,-200.0
2558,-200.0
2559,-200.0
2560,-200.0
2561,-200.0
2562,-200.0
2563,-200.0
2564,-200.0
2565,-200.0
2566,-200.0
2567,-200.0
2568,-200.0
2569,-200.0
2570,-200.0
2571,-200.0
2572,-200.0
2573,-200.0
2574,-200.0
2575,-200.0
2576,-200.0
2577,-200.0
2578,-200.0
2579,-200.0
2580,-200.0
2581,-200.0
2582,-200.0
2583,-200.0
2584,-200.0
2585,-200.0
2586,-200.0
2587,-200.0
2588,-200.0
2589,-200.0
2590,-200.0
2591,-200.0
2592,-200.0
2593,-200.0
2594,-200.0
2595,-200.0
2596,-200.0
2597,-200.0
2598,-200.0
2599,-173.0
2600,-200.0
2601,-200.0
2602,-193.0
2603,-170.0
2604,-200.0
2605,-200.0
2606,-200.0
2607,-164.0
2608,-200.0
2609,-200.0
2610,-200.0
2611,-200.0
2612,-200.0
2613,-155.0
2614,-200.0
2615,-200.0
2616,-200.0
2617,-200.0
2618,-200.0
2619,-200.0
2620,-200.0
2621,-200.0
2622,-200.0
2623,-200.0
2624,-200.0
2625,-200.0
2626,-200.0
2627,-200.0
2628,-200.0
2629,-200.0
2630,-200.0
2631,-200.0
2632,-200.0
2633,-200.0
2634,-200.0
2635,-200.0
2636,-200.0
2637,-200.0
2638,-200.0
2639,-200.0
2640,-200.0
2641,-200.0
2642,-169.0
2643,-200.0
2644,-200.0
2645,-200.0
2646,-200.0
2647,-200.0
2648,-200.0
2649,-200.0
2650,-200.0
2651,-200.0
2652,-200.0
2653,-200.0
2654,-200.0
2655,-200.0
2656,-200.0
2657,-200.0
2658,-200.0
2659,-200.0
2660,-200.0
2661,-200.0
2662,-200.0
2663,-200.0
2664,-200.0
2665,-200.0
2666,-200.0
2667,-200.0
2668,-200.0
2669,-200.0
2670,-200.0
2671,-200.0
2672,-200.0
2673,-200.0
2674,-200.0
2675,-200.0
2676,-200.0
2677,-200.0
2678,-200.0
2679,-200.0
2680,-200.0
2681,-200.0
2682,-200.0
2683,-200.0
2684,-200.0
2685,-200.0
2686,-200.0
2687,-200.0
2688,-200.0
2689,-200.0
2690,-200.0
2691,-200.0
2692,-200.0
2693,-200.0
2694,-200.0
2695,-200.0
2696,-200.0
2697,-200.0
2698,-200.0
2699,-200.0
2700,-200.0
2701,-200.0
2702,-200.0
2703,-200.0
2704,-200.0
2705,-200.0
2706,-200.0
2707,-200.0
2708,-200.0
2709,-200.0
2710,-200.0
2711,-200.0
2712,-200.0
2713,-200.0
2714,-200.0
2715,-200.0
2716,-200.0
2717,-200.0
2718,-200.0
2719,-200.0
2720,-200.0
2721,-200.0
2722,-200.0
2723,-200.0
2724,-200.0
2725,-200.0
2726,-200.0
2727,-200.0
2728,-200.0
2729,-200.0
2730,-200.0
2731,-200.0
2732,-200.0
2733,-200.0
2734,-200.0
2735,-189.0
2736,-196.0
2737,-200.0
2738,-200.0
2739,-200.0
2740,-200.0
2741,-200.0
2742,-200.0
2743,-200.0
2744,-195.0
2745,-200.0
2746,-200.0
2747,-200.0
2748,-161.0
2749,-200.0
2750,-167.0
2751,-200.0
2752,-162.0
2753,-198.0
2754,-200.0
2755,-200.0
2756,-200.0
2757,-161.0
2758,-200.0
2759,-200.0
2760,-200.0
2761,-200.0
2762,-167.0
2763,-200.0
2764,-173.0
2765,-200.0
2766,-200.0
2767,-200.0
2768,-200.0
2769,-200.0
2770,-200.0
2771,-200.0
2772,-200.0
2773,-200.0
2774,-200.0
2775,-200.0
2776,-200.0
2777,-200.0
2778,-200.0
2779,-200.0
2780,-200.0
2781,-200.0
2782,-200.0
2783,-200.0
2784,-200.0
2785,-200.0
2786,-200.0
2787,-200.0
2788,-200.0
2789,-200.0
2790,-200.0
2791,-170.0
2792,-200.0
2793,-200.0
2794,-200.0
2795,-199.0
2796,-166.0
2797,-200.0
2798,-172.0
2799,-200.0
2800,-200.0
2801,-200.0
2802,-200.0
2803,-164.0
2804,-200.0
2805,-200.0
2806,-200.0
2807,-200.0
2808,-200.0
2809,-200.0
2810,-200.0
2811,-200.0
2812,-200.0
2813,-200.0
2814,-200.0
2815,-200.0
2816,-200.0
2817,-200.0
2818,-200.0
2819,-200.0
2820,-200.0
2821,-200.0
2822,-200.0
2823,-200.0
2824,-200.0
2825,-200.0
2826,-200.0
2827,-200.0
2828,-200.0
2829,-200.0
2830,-200.0
2831,-200.0
2832,-200.0
2833,-200.0
2834,-200.0
2835,-200.0
2836,-200.0
2837,-200.0
2838,-200.0
2839,-200.0
2840,-200.0
2841,-200.0
2842,-200.0
2843,-200.0
2844,-200.0
2845,-200.0
2846,-200.0
2847,-200.0
2848,-200.0
2849,-200.0
2850,-200.0
2851,-200.0
2852,-200.0
2853,-200.0
2854,-200.0
2855,-200.0
2856,-200.0
2857,-200.0
2858,-200.0
2859,-200.0
2860,-200.0
2861,-200.0
2862,-200.0
2863,-200.0
2864,-200.0
2865,-200.0
2866,-200.0
2867,-200.0
2868,-200.0
2869,-200.0
2870,-200.0
2871,-200.0
2872,-200.0
2873,-200.0
2874,-200.0
2875,-200.0
2876,-200.0
2877,-200.0
2878,-200.0
2879,-200.0
2880,-200.0
2881,-200.0
2882,-200.0
2883,-200.0
2884,-200.0
2885,-200.0
2886,-200.0
2887,-200.0
2888,-200.0
2889,-200.0
2890,-200.0
2891,-198.0
2892,-200.0
2893,-200.0
2894,-200.0
2895,-200.0
2896,-200.0
2897,-200.0
2898,-200.0
2899,-200.0
2900,-200.0
2901,-200.0
2902,-200.0
2903,-200.0
2904,-200.0
2905,-200.0
2906,-200.0
2907,-200.0
2908,-200.0
2909,-200.0
2910,-200.0
2911,-200.0
2912,-193.0
2913,-200.0
2914,-200.0
2915,-200.0
2916,-200.0
2917,-200.0
2918,-200.0
2919,-200.0
2920,-200.0
2921,-200.0
2922,-200.0
2923,-200.0
2924,-200.0
2925,-200.0
2926,-200.0
2927,-200.0
2928,-200.0
2929,-200.0
2930,-200.0
2931,-200.0
2932,-200.0
2933,-200.0
2934,-200.0
2935,-200.0
2936,-200.0
2937,-196.0
2938,-200.0
2939,-200.0
2940,-159.0
2941,-200.0
2942,-200.0
2943,-200.0
2944,-200.0
2945,-200.0
2946,-200.0
2947,-200.0
2948,-200.0
2949,-200.0
2950,-200.0
2951,-200.0
2952,-200.0
2953,-200.0
2954,-200.0
2955,-200.0
2956,-200.0
2957,-200.0
2958,-200.0
2959,-200.0
2960,-200.0
2961,-200.0
2962,-200.0
2963,-198.0
2964,-200.0
2965,-200.0
2966,-200.0
2967,-200.0
2968,-200.0
2969,-200.0
2970,-188.0
2971,-200.0
2972,-157.0
2973,-156.0
2974,-183.0
2975,-200.0
2976,-200.0
2977,-199.0
2978,-200.0
2979,-200.0
2980,-200.0
2981,-200.0
2982,-162.0
2983,-200.0
2984,-200.0
2985,-200.0
2986,-200.0
2987,-200.0
2988,-200.0
2989,-200.0
2990,-177.0
2991,-200.0
2992,-200.0
2993,-200.0
2994,-165.0
2995,-200.0
2996,-200.0
2997,-200.0
2998,-161.0
2999,-200.0
3000,-167.0
3001,-195.0
3002,-161.0
3003,-200.0
3004,-200.0
3005,-200.0
3006,-200.0
3007,-200.0
3008,-200.0
3009,-200.0
3010,-200.0
3011,-200.0
3012,-200.0
3013,-200.0
3014,-200.0
3015,-159.0
3016,-199.0
3017,-200.0
3018,-200.0
3019,-186.0
3020,-200.0
3021,-200.0
3022,-168.0
3023,-163.0
3024,-200.0
3025,-163.0
3026,-193.0
3027,-192.0
3028,-199.0
3029,-191.0
3030,-200.0
3031,-200.0
3032,-196.0
3033,-160.0
3034,-163.0
3035,-156.0
3036,-161.0
3037,-200.0
3038,-200.0
3039,-200.0
3040,-190.0
3041,-161.0
3042,-173.0
3043,-159.0
3044,-158.0
3045,-171.0
3046,-190.0
3047,-200.0
3048,-161.0
3049,-151.0
3050,-182.0
3051,-198.0
3052,-155.0
3053,-174.0
3054,-168.0
3055,-176.0
3056,-200.0
3057,-174.0
3058,-161.0
3059,-200.0
3060,-162.0
3061,-200.0
3062,-160.0
3063,-195.0
3064,-157.0
3065,-184.0
3066,-200.0
3067,-181.0
3068,-186.0
3069,-200.0
3070,-200.0
3071,-200.0
3072,-200.0
3073,-200.0
3074,-200.0
3075,-200.0
3076,-200.0
3077,-200.0
3078,-200.0
3079,-200.0
3080,-194.0
3081,-200.0
3082,-200.0
3083,-200.0
3084,-156.0
3085,-200.0
3086,-200.0
3087,-200.0
3088,-200.0
3089,-200.0
3090,-200.0
3091,-200.0
3092,-200.0
3093,-200.0
3094,-200.0
3095,-200.0
3096,-200.0
3097,-200.0
3098,-200.0
3099,-200.0
3100,-200.0
3101,-200.0
3102,-200.0
3103,-200.0
3104,-200.0
3105,-200.0
3106,-200.0
3107,-200.0
3108,-200.0
3109,-156.0
3110,-200.0
3111,-200.0
3112,-200.0
3113,-200.0
3114,-200.0
3115,-200.0
3116,-200.0
3117,-200.0
3118,-200.0
3119,-200.0
3120,-200.0
3121,-200.0
3122,-200.0
3123,-161.0
3124,-152.0
3125,-200.0
3126,-200.0
3127,-200.0
3128,-200.0
3129,-200.0
3130,-200.0
3131,-200.0
3132,-200.0
3133,-200.0
3134,-200.0
3135,-200.0
3136,-200.0
3137,-200.0
3138,-200.0
3139,-200.0
3140,-200.0
3141,-200.0
3142,-200.0
3143,-200.0
3144,-200.0
3145,-200.0
3146,-200.0
3147,-200.0
3148,-200.0
3149,-200.0
3150,-200.0
3151,-200.0
3152,-200.0
3153,-200.0
3154,-200.0
3155,-199.0
3156,-200.0
3157,-200.0
3158,-163.0
3159,-193.0
3160,-200.0
3161,-195.0
3162,-200.0
3163,-172.0
3164,-200.0
3165,-200.0
3166,-200.0
3167,-200.0
3168,-156.0
3169,-163.0
3170,-160.0
3171,-166.0
3172,-150.0
3173,-200.0
3174,-200.0
3175,-168.0
3176,-200.0
3177,-171.0
3178,-198.0
3179,-169.0
3180,-160.0
3181,-200.0
3182,-200.0
3183,-200.0
3184,-200.0
3185,-200.0
3186,-200.0
3187,-162.0
3188,-200.0
3189,-191.0
3190,-160.0
3191,-200.0
3192,-199.0
3193,-200.0
3194,-192.0
3195,-189.0
3196,-192.0
3197,-200.0
3198,-163.0
3199,-200.0
3200,-191.0
3201,-163.0
3202,-157.0
3203,-197.0
3204,-169.0
3205,-168.0
3206,-184.0
3207,-194.0
3208,-161.0
3209,-166.0
3210,-161.0
3211,-162.0
3212,-188.0
3213,-200.0
3214,-187.0
3215,-163.0
3216,-200.0
3217,-165.0
3218,-169.0
3219,-185.0
3220,-181.0
3221,-200.0
3222,-161.0
3223,-172.0
3224,-181.0
3225,-163.0
3226,-170.0
3227,-179.0
3228,-162.0
3229,-164.0
3230,-190.0
3231,-174.0
3232,-185.0
3233,-194.0
3234,-163.0
3235,-163.0
3236,-163.0
3237,-183.0
3238,-165.0
3239,-163.0
3240,-158.0
3241,-154.0
3242,-200.0
3243,-200.0
3244,-156.0
3245,-166.0
3246,-200.0
3247,-200.0
3248,-169.0
3249,-151.0
3250,-168.0
3251,-183.0
3252,-155.0
3253,-149.0
3254,-200.0
3255,-154.0
3256,-147.0
3257,-148.0
3258,-148.0
3259,-159.0
3260,-160.0
3261,-158.0
3262,-200.0
3263,-163.0
3264,-154.0
3265,-200.0
3266,-149.0
3267,-162.0
3268,-162.0
3269,-124.0
3270,-155.0
3271,-159.0
3272,-159.0
3273,-165.0
3274,-153.0
3275,-200.0
3276,-200.0
3277,-200.0
3278,-200.0
3279,-145.0
3280,-200.0
3281,-200.0
3282,-200.0
3283,-200.0
3284,-200.0
3285,-194.0
3286,-200.0
3287,-200.0
3288,-158.0
3289,-200.0
3290,-150.0
3291,-166.0
3292,-159.0
3293,-183.0
3294,-200.0
3295,-200.0
3296,-200.0
3297,-200.0
3298,-200.0
3299,-200.0
3300,-197.0
3301,-200.0
3302,-200.0
3303,-200.0
3304,-200.0
3305,-200.0
3306,-200.0
3307,-200.0
3308,-200.0
3309,-200.0
3310,-195.0
3311,-161.0
3312,-200.0
3313,-200.0
3314,-200.0
3315,-199.0
3316,-200.0
3317,-200.0
3318,-163.0
3319,-198.0
3320,-155.0
3321,-200.0
3322,-200.0
3323,-200.0
3324,-194.0
3325,-200.0
3326,-200.0
3327,-162.0
3328,-193.0
3329,-157.0
3330,-186.0
3331,-160.0
3332,-200.0
3333,-161.0
3334,-154.0
3335,-175.0
3336,-200.0
3337,-181.0
3338,-191.0
3339,-200.0
3340,-182.0
3341,-147.0
3342,-161.0
3343,-154.0
3344,-152.0
3345,-200.0
3346,-170.0
3347,-162.0
3348,-139.0
3349,-187.0
3350,-184.0
3351,-154.0
3352,-172.0
3353,-153.0
3354,-193.0
3355,-164.0
3356,-155.0
3357,-184.0
3358,-161.0
3359,-149.0
3360,-183.0
3361,-151.0
3362,-156.0
3363,-163.0
3364,-170.0
3365,-167.0
3366,-192.0
3367,-194.0
3368,-178.0
3369,-189.0
3370,-200.0
3371,-200.0
3372,-158.0
3373,-159.0
3374,-200.0
3375,-200.0
3376,-200.0
3377,-161.0
3378,-170.0
3379,-128.0
3380,-200.0
3381,-199.0
3382,-200.0
3383,-200.0
3384,-200.0
3385,-187.0
3386,-173.0
3387,-153.0
3388,-173.0
3389,-175.0
3390,-167.0
3391,-200.0
3392,-156.0
3393,-200.0
3394,-154.0
3395,-157.0
3396,-168.0
3397,-152.0
3398,-164.0
3399,-156.0
3400,-155.0
3401,-162.0
3402,-176.0
3403,-200.0
3404,-165.0
3405,-149.0
3406,-200.0
3407,-168.0
3408,-200.0
3409,-200.0
3410,-200.0
3411,-200.0
3412,-200.0
3413,-200.0
3414,-200.0
3415,-200.0
3416,-200.0
3417,-200.0
3418,-200.0
3419,-199.0
3420,-200.0
3421,-191.0
3422,-200.0
3423,-200.0
3424,-200.0
3425,-200.0
3426,-200.0
3427,-200.0
3428,-200.0
3429,-200.0
3430,-200.0
3431,-200.0
3432,-200.0
3433,-200.0
3434,-200.0
3435,-200.0
3436,-200.0
3437,-200.0
3438,-199.0
3439,-196.0
3440,-200.0
3441,-200.0
3442,-196.0
3443,-200.0
3444,-193.0
3445,-200.0
3446,-200.0
3447,-200.0
3448,-200.0
3449,-200.0
3450,-200.0
3451,-200.0
3452,-200.0
3453,-186.0
3454,-155.0
3455,-159.0
3456,-188.0
3457,-182.0
3458,-200.0
3459,-200.0
3460,-161.0
3461,-195.0
3462,-200.0
3463,-200.0
3464,-200.0
3465,-200.0
3466,-200.0
3467,-156.0
3468,-198.0
3469,-160.0
3470,-157.0
3471,-154.0
3472,-158.0
3473,-200.0
3474,-154.0
3475,-159.0
3476,-165.0
3477,-200.0
3478,-193.0
3479,-167.0
3480,-200.0
3481,-200.0
3482,-192.0
3483,-194.0
3484,-155.0
3485,-184.0
3486,-200.0
3487,-158.0
3488,-158.0
3489,-188.0
3490,-200.0
3491,-184.0
3492,-156.0
3493,-200.0
3494,-200.0
3495,-164.0
3496,-190.0
3497,-152.0
3498,-191.0
3499,-197.0
3500,-200.0
3501,-151.0
3502,-169.0
3503,-188.0
3504,-158.0
3505,-157.0
3506,-191.0
3507,-194.0
3508,-191.0
3509,-158.0
3510,-160.0
3511,-156.0
3512,-178.0
3513,-157.0
3514,-187.0
3515,-200.0
3516,-200.0
3517,-200.0
3518,-200.0
3519,-200.0
3520,-156.0
3521,-173.0
3522,-173.0
3523,-178.0
3524,-157.0
3525,-179.0
3526,-158.0
3527,-157.0
3528,-194.0
3529,-189.0
3530,-172.0
3531,-200.0
3532,-174.0
3533,-195.0
3534,-197.0
3535,-163.0
3536,-171.0
3537,-160.0
3538,-162.0
3539,-200.0
3540,-195.0
3541,-161.0
3542,-200.0
3543,-200.0
3544,-176.0
3545,-161.0
3546,-154.0
3547,-157.0
3548,-163.0
3549,-166.0
3550,-200.0
3551,-162.0
3552,-162.0
3553,-200.0
3554,-200.0
3555,-152.0
3556,-152.0
3557,-179.0
3558,-153.0
3559,-155.0
3560,-195.0
3561,-200.0
3562,-163.0
3563,-200.0
3564,-200.0
3565,-158.0
3566,-157.0
3567,-200.0
3568,-155.0
3569,-200.0
3570,-200.0
3571,-164.0
3572,-200.0
3573,-200.0
3574,-200.0
3575,-200.0
3576,-200.0
3577,-200.0
3578,-200.0
3579,-200.0
3580,-200.0
3581,-200.0
3582,-200.0
3583,-198.0
3584,-200.0
3585,-172.0
3586,-189.0
3587,-200.0
3588,-200.0
3589,-200.0
3590,-174.0
3591,-200.0
3592,-171.0
3593,-169.0
3594,-164.0
3595,-175.0
3596,-170.0
3597,-167.0
3598,-200.0
3599,-193.0
3600,-200.0
3601,-200.0
3602,-200.0
3603,-200.0
3604,-200.0
3605,-200.0
3606,-200.0
3607,-200.0
3608,-159.0
3609,-160.0
3610,-200.0
3611,-200.0
3612,-200.0
3613,-200.0
3614,-164.0
3615,-200.0
3616,-200.0
3617,-191.0
3618,-200.0
3619,-200.0
3620,-199.0
3621,-157.0
3622,-200.0
3623,-200.0
3624,-158.0
3625,-200.0
3626,-200.0
3627,-200.0
3628,-200.0
3629,-200.0
3630,-200.0
3631,-200.0
3632,-200.0
3633,-200.0
3634,-200.0
3635,-200.0
3636,-200.0
3637,-200.0
3638,-200.0
3639,-200.0
3640,-200.0
3641,-200.0
3642,-200.0
3643,-200.0
3644,-200.0
3645,-200.0
3646,-200.0
3647,-200.0
3648,-200.0
3649,-200.0
3650,-177.0
3651,-200.0
3652,-200.0
3653,-200.0
3654,-200.0
3655,-200.0
3656,-200.0
3657,-200.0
3658,-200.0
3659,-200.0
3660,-200.0
3661,-200.0
3662,-200.0
3663,-200.0
3664,-200.0
3665,-200.0
3666,-200.0
3667,-200.0
3668,-200.0
3669,-200.0
3670,-200.0
3671,-200.0
3672,-200.0
3673,-200.0
3674,-200.0
3675,-200.0
3676,-200.0
3677,-200.0
3678,-200.0
3679,-200.0
3680,-200.0
3681,-200.0
3682,-200.0
3683,-200.0
3684,-200.0
3685,-200.0
3686,-200.0
3687,-200.0
3688,-200.0
3689,-200.0
3690,-200.0
3691,-200.0
3692,-200.0
3693,-200.0
3694,-200.0
3695,-200.0
3696,-200.0
3697,-200.0
3698,-193.0
3699,-200.0
3700,-200.0
3701,-200.0
3702,-200.0
3703,-200.0
3704,-200.0
3705,-193.0
3706,-189.0
3707,-200.0
3708,-200.0
3709,-198.0
3710,-196.0
3711,-200.0
3712,-200.0
3713,-200.0
3714,-200.0
3715,-179.0
3716,-200.0
3717,-200.0
3718,-200.0
3719,-200.0
3720,-200.0
3721,-190.0
3722,-186.0
3723,-200.0
3724,-200.0
3725,-200.0
3726,-188.0
3727,-200.0
3728,-200.0
3729,-200.0
3730,-200.0
3731,-200.0
3732,-198.0
3733,-200.0
3734,-166.0
3735,-163.0
3736,-200.0
3737,-192.0
3738,-200.0
3739,-187.0
3740,-200.0
3741,-160.0
3742,-189.0
3743,-150.0
3744,-200.0
3745,-199.0
3746,-200.0
3747,-164.0
3748,-157.0
3749,-200.0
3750,-160.0
3751,-200.0
3752,-162.0
3753,-200.0
3754,-180.0
3755,-200.0
3756,-200.0
3757,-200.0
3758,-200.0
3759,-200.0
3760,-200.0
3761,-200.0
3762,-200.0
3763,-200.0
3764,-200.0
3765,-200.0
3766,-200.0
3767,-200.0
3768,-200.0
3769,-200.0
3770,-200.0
3771,-200.0
3772,-200.0
3773,-200.0
3774,-200.0
3775,-200.0
3776,-200.0
3777,-200.0
3778,-200.0
3779,-200.0
3780,-200.0
3781,-200.0
3782,-200.0
3783,-200.0
3784,-200.0
3785,-200.0
3786,-200.0
3787,-200.0
3788,-200.0
3789,-170.0
3790,-200.0
3791,-200.0
3792,-200.0
3793,-200.0
3794,-198.0
3795,-200.0
3796,-171.0
3797,-179.0
3798,-200.0
3799,-200.0
3800,-200.0
3801,-200.0
3802,-160.0
3803,-200.0
3804,-200.0
3805,-200.0
3806,-200.0
3807,-197.0
3808,-200.0
3809,-200.0
3810,-200.0
3811,-200.0
3812,-200.0
3813,-200.0
3814,-189.0
3815,-192.0
3816,-152.0
3817,-151.0
3818,-157.0
3819,-160.0
3820,-187.0
3821,-200.0
3822,-181.0
3823,-157.0
3824,-190.0
3825,-189.0
3826,-158.0
3827,-155.0
3828,-182.0
3829,-169.0
3830,-194.0
3831,-199.0
3832,-181.0
3833,-178.0
3834,-187.0
3835,-175.0
3836,-164.0
3837,-162.0
3838,-200.0
3839,-200.0
3840,-155.0
3841,-166.0
3842,-191.0
3843,-200.0
3844,-196.0
3845,-172.0
3846,-170.0
3847,-166.0
3848,-167.0
3849,-167.0
3850,-161.0
3851,-165.0
3852,-165.0
3853,-200.0
3854,-176.0
3855,-200.0
3856,-164.0
3857,-200.0
3858,-160.0
3859,-187.0
3860,-166.0
3861,-200.0
3862,-153.0
3863,-156.0
3864,-162.0
3865,-153.0
3866,-169.0
3867,-157.0
3868,-200.0
3869,-158.0
3870,-162.0
3871,-200.0
3872,-200.0
3873,-200.0
3874,-200.0
3875,-171.0
3876,-200.0
3877,-200.0
3878,-200.0
3879,-177.0
3880,-199.0
3881,-198.0
3882,-170.0
3883,-177.0
3884,-200.0
3885,-163.0
3886,-167.0
3887,-200.0
3888,-200.0
3889,-200.0
3890,-200.0
3891,-200.0
3892,-200.0
3893,-200.0
3894,-200.0
3895,-200.0
3896,-200.0
3897,-200.0
3898,-200.0
3899,-200.0
3900,-200.0
3901,-200.0
3902,-200.0
3903,-200.0
3904,-185.0
3905,-184.0
3906,-200.0
3907,-175.0
3908,-200.0
3909,-197.0
3910,-171.0
3911,-181.0
3912,-166.0
3913,-194.0
3914,-174.0
3915,-200.0
3916,-200.0
3917,-200.0
3918,-200.0
3919,-200.0
3920,-200.0
3921,-200.0
3922,-200.0
3923,-200.0
3924,-200.0
3925,-180.0
3926,-200.0
3927,-200.0
3928,-200.0
3929,-200.0
3930,-200.0
3931,-200.0
3932,-200.0
3933,-200.0
3934,-200.0
3935,-200.0
3936,-200.0
3937,-200.0
3938,-200.0
3939,-200.0
3940,-200.0
3941,-200.0
3942,-200.0
3943,-200.0
3944,-200.0
3945,-200.0
3946,-200.0
3947,-200.0
3948,-200.0
3949,-200.0
3950,-200.0
3951,-200.0
3952,-200.0
3953,-200.0
3954,-200.0
3955,-200.0
3956,-200.0
3957,-200.0
3958,-200.0
3959,-200.0
3960,-200.0
3961,-200.0
3962,-200.0
3963,-200.0
3964,-200.0
3965,-200.0
3966,-200.0
3967,-200.0
3968,-200.0
3969,-200.0
3970,-200.0
3971,-200.0
3972,-200.0
3973,-200.0
3974,-200.0
3975,-200.0
3976,-200.0
3977,-200.0
3978,-200.0
3979,-200.0
3980,-200.0
3981,-180.0
3982,-200.0
3983,-200.0
3984,-200.0
3985,-200.0
3986,-164.0
3987,-200.0
3988,-200.0
3989,-160.0
3990,-200.0
3991,-200.0
3992,-200.0
3993,-200.0
3994,-200.0
3995,-200.0
3996,-200.0
3997,-200.0
3998,-200.0
3999,-200.0
4000,-200.0
4001,-200.0
4002,-200.0
4003,-200.0
4004,-158.0
4005,-200.0
4006,-200.0
4007,-200.0
4008,-200.0
4009,-200.0
4010,-200.0
4011,-200.0
4012,-200.0
4013,-200.0
4014,-175.0
4015,-178.0
4016,-200.0
4017,-191.0
4018,-200.0
4019,-177.0
4020,-200.0
4021,-194.0
4022,-200.0
4023,-200.0
4024,-200.0
4025,-200.0
4026,-200.0
4027,-200.0
4028,-165.0
4029,-200.0
4030,-200.0
4031,-200.0
4032,-188.0
4033,-200.0
4034,-200.0
4035,-200.0
4036,-200.0
4037,-200.0
4038,-200.0
4039,-200.0
4040,-200.0
4041,-200.0
4042,-200.0
4043,-168.0
4044,-200.0
4045,-186.0
4046,-184.0
4047,-168.0
4048,-200.0
4049,-167.0
4050,-171.0
4051,-192.0
4052,-162.0
4053,-195.0
4054,-200.0
4055,-179.0
4056,-190.0
4057,-181.0
4058,-156.0
4059,-162.0
4060,-170.0
4061,-193.0
4062,-200.0
4063,-200.0
4064,-190.0
4065,-165.0
4066,-200.0
4067,-200.0
4068,-197.0
4069,-200.0
4070,-164.0
4071,-197.0
4072,-200.0
4073,-193.0
4074,-196.0
4075,-196.0
4076,-190.0
4077,-193.0
4078,-167.0
4079,-200.0
4080,-189.0
4081,-162.0
4082,-160.0
4083,-160.0
4084,-186.0
4085,-192.0
4086,-124.0
4087,-160.0
4088,-192.0
4089,-162.0
4090,-178.0
4091,-168.0
4092,-200.0
4093,-185.0
4094,-167.0
4095,-194.0
4096,-162.0
4097,-175.0
4098,-163.0
4099,-200.0
4100,-200.0
4101,-165.0
4102,-154.0
4103,-187.0
4104,-157.0
4105,-187.0
4106,-200.0
4107,-149.0
4108,-159.0
4109,-164.0
4110,-164.0
4111,-160.0
4112,-159.0
4113,-200.0
4114,-200.0
4115,-186.0
4116,-171.0
4117,-188.0
4118,-168.0
4119,-186.0
4120,-179.0
4121,-170.0
4122,-172.0
4123,-172.0
4124,-174.0
4125,-162.0
4126,-178.0
4127,-180.0
4128,-160.0
4129,-181.0
4130,-152.0
4131,-165.0
4132,-166.0
4133,-179.0
4134,-165.0
4135,-176.0
4136,-159.0
4137,-156.0
4138,-153.0
4139,-177.0
4140,-157.0
4141,-150.0
4142,-156.0
4143,-156.0
4144,-174.0
4145,-159.0
4146,-147.0
4147,-150.0
4148,-200.0
4149,-178.0
4150,-183.0
4151,-170.0
4152,-200.0
4153,-152.0
4154,-146.0
4155,-200.0
4156,-150.0
4157,-155.0
4158,-200.0
4159,-200.0
4160,-200.0
4161,-155.0
4162,-162.0
4163,-159.0
4164,-180.0
4165,-182.0
4166,-184.0
4167,-200.0
4168,-200.0
4169,-200.0
4170,-200.0
4171,-200.0
4172,-200.0
4173,-200.0
4174,-200.0
4175,-200.0
4176,-200.0
4177,-200.0
4178,-200.0
4179,-200.0
4180,-200.0
4181,-200.0
4182,-200.0
4183,-200.0
4184,-200.0
4185,-200.0
4186,-200.0
4187,-200.0
4188,-200.0
4189,-200.0
4190,-200.0
4191,-200.0
4192,-200.0
4193,-200.0
4194,-200.0
4195,-200.0
4196,-200.0
4197,-200.0
4198,-199.0
4199,-200.0
4200,-200.0
4201,-200.0
4202,-200.0
4203,-181.0
4204,-200.0
4205,-188.0
4206,-200.0
4207,-200.0
4208,-200.0
4209,-200.0
4210,-200.0
4211,-200.0
4212,-200.0
4213,-200.0
4214,-200.0
4215,-200.0
4216,-200.0
4217,-200.0
4218,-200.0
4219,-200.0
4220,-200.0
4221,-200.0
4222,-200.0
4223,-200.0
4224,-200.0
4225,-200.0
4226,-200.0
4227,-200.0
4228,-200.0
4229,-200.0
4230,-200.0
4231,-137.0
4232,-200.0
4233,-200.0
4234,-200.0
4235,-200.0
4236,-200.0
4237,-197.0
4238,-200.0
4239,-200.0
4240,-200.0
4241,-200.0
4242,-200.0
4243,-200.0
4244,-200.0
4245,-200.0
4246,-194.0
4247,-200.0
4248,-200.0
4249,-200.0
4250,-200.0
4251,-200.0
4252,-200.0
4253,-200.0
4254,-200.0
4255,-193.0
4256,-200.0
4257,-200.0
4258,-195.0
4259,-200.0
4260,-200.0
4261,-200.0
4262,-200.0
4263,-197.0
4264,-178.0
4265,-198.0
4266,-193.0
4267,-200.0
4268,-197.0
4269,-200.0
4270,-200.0
4271,-200.0
4272,-200.0
4273,-200.0
4274,-200.0
4275,-200.0
4276,-200.0
4277,-200.0
4278,-200.0
4279,-200.0
4280,-135.0
4281,-200.0
4282,-200.0
4283,-200.0
4284,-200.0
4285,-200.0
4286,-200.0
4287,-200.0
4288,-200.0
4289,-200.0
4290,-200.0
4291,-178.0
4292,-200.0
4293,-175.0
4294,-145.0
4295,-187.0
4296,-200.0
4297,-200.0
4298,-200.0
4299,-200.0
4300,-198.0
4301,-194.0
4302,-200.0
4303,-200.0
4304,-200.0
4305,-200.0
4306,-200.0
4307,-200.0
4308,-200.0
4309,-193.0
4310,-190.0
4311,-163.0
4312,-200.0
4313,-200.0
4314,-200.0
4315,-194.0
4316,-200.0
4317,-200.0
4318,-200.0
4319,-200.0
4320,-200.0
4321,-199.0
4322,-200.0
4323,-200.0
4324,-181.0
4325,-200.0
4326,-188.0
4327,-192.0
4328,-200.0
4329,-200.0
4330,-200.0
4331,-200.0
4332,-199.0
4333,-193.0
4334,-188.0
4335,-200.0
4336,-191.0
4337,-200.0
4338,-186.0
4339,-200.0
4340,-163.0
4341,-163.0
4342,-163.0
4343,-163.0
4344,-200.0
4345,-168.0
4346,-161.0
4347,-200.0
4348,-200.0
4349,-154.0
4350,-161.0
4351,-167.0
4352,-159.0
4353,-200.0
4354,-158.0
4355,-200.0
4356,-157.0
4357,-157.0
4358,-161.0
4359,-151.0
4360,-200.0
4361,-200.0
4362,-200.0
4363,-200.0
4364,-159.0
4365,-157.0
4366,-200.0
4367,-200.0
4368,-200.0
4369,-155.0
4370,-200.0
4371,-200.0
4372,-200.0
4373,-200.0
4374,-161.0
4375,-200.0
4376,-200.0
4377,-200.0
4378,-198.0
4379,-200.0
4380,-194.0
4381,-200.0
4382,-200.0
4383,-200.0
4384,-200.0
4385,-173.0
4386,-160.0
4387,-200.0
4388,-195.0
4389,-156.0
4390,-182.0
4391,-200.0
4392,-158.0
4393,-197.0
4394,-166.0
4395,-157.0
4396,-198.0
4397,-196.0
4398,-200.0
4399,-200.0
4400,-200.0
4401,-189.0
4402,-162.0
4403,-200.0
4404,-197.0
4405,-200.0
4406,-200.0
4407,-176.0
4408,-187.0
4409,-197.0
4410,-200.0
4411,-154.0
4412,-160.0
4413,-162.0
4414,-182.0
4415,-200.0
4416,-153.0
4417,-160.0
4418,-160.0
4419,-157.0
4420,-158.0
4421,-191.0
4422,-149.0
4423,-200.0
4424,-152.0
4425,-163.0
4426,-191.0
4427,-150.0
4428,-152.0
4429,-150.0
4430,-189.0
4431,-157.0
4432,-152.0
4433,-177.0
4434,-160.0
4435,-154.0
4436,-153.0
4437,-185.0
4438,-188.0
4439,-156.0
4440,-178.0
4441,-182.0
4442,-154.0
4443,-150.0
4444,-153.0
4445,-173.0
4446,-159.0
4447,-182.0
4448,-158.0
4449,-193.0
4450,-173.0
4451,-155.0
4452,-148.0
4453,-182.0
4454,-189.0
4455,-173.0
4456,-162.0
4457,-154.0
4458,-154.0
4459,-152.0
4460,-154.0
4461,-176.0
4462,-152.0
4463,-147.0
4464,-161.0
4465,-179.0
4466,-159.0
4467,-167.0
4468,-165.0
4469,-178.0
4470,-186.0
4471,-181.0
4472,-152.0
4473,-177.0
4474,-175.0
4475,-158.0
4476,-173.0
4477,-157.0
4478,-159.0
4479,-172.0
4480,-158.0
4481,-159.0
4482,-150.0
4483,-155.0
4484,-176.0
4485,-150.0
4486,-184.0
4487,-185.0
4488,-176.0
4489,-166.0
4490,-146.0
4491,-190.0
4492,-170.0
4493,-157.0
4494,-146.0
4495,-167.0
4496,-160.0
4497,-177.0
4498,-167.0
4499,-164.0
4500,-145.0
4501,-150.0
4502,-162.0
4503,-157.0
4504,-144.0
4505,-149.0
4506,-147.0
4507,-152.0
4508,-147.0
4509,-147.0
4510,-185.0
4511,-164.0
4512,-178.0
4513,-200.0
4514,-176.0
4515,-156.0
4516,-152.0
4517,-174.0
4518,-155.0
4519,-200.0
4520,-200.0
4521,-200.0
4522,-200.0
4523,-154.0
4524,-200.0
4525,-146.0
4526,-200.0
4527,-200.0
4528,-148.0
4529,-153.0
4530,-200.0
4531,-177.0
4532,-200.0
4533,-143.0
4534,-200.0
4535,-133.0
4536,-200.0
4537,-189.0
4538,-152.0
4539,-162.0
4540,-187.0
4541,-165.0
4542,-171.0
4543,-165.0
4544,-158.0
4545,-162.0
4546,-120.0
4547,-159.0
4548,-160.0
4549,-153.0
4550,-162.0
4551,-159.0
4552,-160.0
4553,-200.0
4554,-166.0
4555,-131.0
4556,-162.0
4557,-167.0
4558,-113.0
4559,-158.0
4560,-200.0
4561,-158.0
4562,-160.0
4563,-165.0
4564,-200.0
4565,-200.0
4566,-157.0
4567,-200.0
4568,-158.0
4569,-200.0
4570,-161.0
4571,-169.0
4572,-161.0
4573,-200.0
4574,-161.0
4575,-162.0
4576,-162.0
4577,-200.0
4578,-198.0
4579,-121.0
4580,-115.0
4581,-163.0
4582,-160.0
4583,-158.0
4584,-158.0
4585,-196.0
4586,-153.0
4587,-200.0
4588,-181.0
4589,-148.0
4590,-200.0
4591,-200.0
4592,-200.0
4593,-152.0
4594,-200.0
4595,-200.0
4596,-148.0
4597,-129.0
4598,-192.0
4599,-155.0
4600,-163.0
4601,-162.0
4602,-146.0
4603,-154.0
4604,-198.0
4605,-166.0
4606,-159.0
4607,-163.0
4608,-194.0
4609,-158.0
4610,-200.0
4611,-199.0
4612,-157.0
4613,-168.0
4614,-200.0
4615,-156.0
4616,-196.0
4617,-198.0
4618,-200.0
4619,-199.0
4620,-162.0
4621,-200.0
4622,-200.0
4623,-173.0
4624,-173.0
4625,-159.0
4626,-156.0
4627,-191.0
4628,-163.0
4629,-156.0
4630,-176.0
4631,-154.0
4632,-168.0
4633,-200.0
4634,-157.0
4635,-191.0
4636,-194.0
4637,-171.0
4638,-191.0
4639,-194.0
4640,-162.0
4641,-200.0
4642,-166.0
4643,-200.0
4644,-164.0
4645,-191.0
4646,-185.0
4647,-200.0
4648,-150.0
4649,-195.0
4650,-196.0
4651,-155.0
4652,-154.0
4653,-159.0
4654,-152.0
4655,-199.0
4656,-167.0
4657,-195.0
4658,-200.0
4659,-151.0
4660,-151.0
4661,-149.0
4662,-152.0
4663,-146.0
4664,-164.0
4665,-152.0
4666,-164.0
4667,-177.0
4668,-148.0
4669,-150.0
4670,-141.0
4671,-159.0
4672,-200.0
4673,-200.0
4674,-191.0
4675,-160.0
4676,-182.0
4677,-153.0
4678,-200.0
4679,-154.0
4680,-151.0
4681,-182.0
4682,-150.0
4683,-200.0
4684,-200.0
4685,-183.0
4686,-158.0
4687,-160.0
4688,-151.0
4689,-198.0
4690,-170.0
4691,-149.0
4692,-200.0
4693,-160.0
4694,-159.0
4695,-200.0
4696,-162.0
4697,-188.0
4698,-157.0
4699,-177.0
4700,-166.0
4701,-188.0
4702,-152.0
4703,-168.0
4704,-200.0
4705,-172.0
4706,-186.0
4707,-193.0
4708,-152.0
4709,-172.0
4710,-162.0
4711,-178.0
4712,-194.0
4713,-186.0
4714,-158.0
4715,-157.0
4716,-143.0
4717,-155.0
4718,-149.0
4719,-176.0
4720,-186.0
4721,-178.0
4722,-161.0
4723,-149.0
4724,-171.0
4725,-159.0
4726,-192.0
4727,-161.0
4728,-178.0
4729,-163.0
4730,-188.0
4731,-161.0
4732,-170.0
4733,-171.0
4734,-158.0
4735,-184.0
4736,-180.0
4737,-169.0
4738,-158.0
4739,-164.0
4740,-164.0
4741,-161.0
4742,-156.0
4743,-181.0
4744,-178.0
4745,-169.0
4746,-155.0
4747,-171.0
4748,-187.0
4749,-174.0
4750,-176.0
4751,-159.0
4752,-162.0
4753,-154.0
4754,-153.0
4755,-178.0
4756,-170.0
4757,-149.0
4758,-159.0
4759,-159.0
4760,-155.0
4761,-153.0
4762,-190.0
4763,-188.0
4764,-166.0
4765,-180.0
4766,-155.0
4767,-162.0
4768,-188.0
4769,-161.0
4770,-164.0
4771,-194.0
4772,-163.0
4773,-189.0
4774,-163.0
4775,-193.0
4776,-158.0
4777,-158.0
4778,-156.0
4779,-175.0
4780,-160.0
4781,-200.0
4782,-159.0
4783,-194.0
4784,-167.0
4785,-161.0
4786,-156.0
4787,-194.0
4788,-158.0
4789,-160.0
4790,-168.0
4791,-160.0
4792,-157.0
4793,-193.0
4794,-177.0
4795,-200.0
4796,-162.0
4797,-200.0
4798,-165.0
4799,-166.0
4800,-169.0
4801,-200.0
4802,-196.0
4803,-171.0
4804,-192.0
4805,-191.0
4806,-161.0
4807,-197.0
4808,-160.0
4809,-173.0
4810,-160.0
4811,-195.0
4812,-160.0
4813,-197.0
4814,-197.0
4815,-159.0
4816,-198.0
4817,-162.0
4818,-152.0
4819,-168.0
4820,-167.0
4821,-167.0
4822,-200.0
4823,-192.0
4824,-165.0
4825,-200.0
4826,-160.0
4827,-157.0
4828,-171.0
4829,-160.0
4830,-200.0
4831,-187.0
4832,-166.0
4833,-195.0
4834,-200.0
4835,-169.0
4836,-161.0
4837,-190.0
4838,-199.0
4839,-186.0
4840,-200.0
4841,-160.0
4842,-176.0
4843,-156.0
4844,-194.0
4845,-156.0
4846,-200.0
4847,-160.0
4848,-186.0
4849,-176.0
4850,-153.0
4851,-166.0
4852,-156.0
4853,-192.0
4854,-149.0
4855,-153.0
4856,-164.0
4857,-166.0
4858,-196.0
4859,-161.0
4860,-184.0
4861,-174.0
4862,-189.0
4863,-165.0
4864,-165.0
4865,-172.0
4866,-166.0
4867,-165.0
4868,-164.0
4869,-188.0
4870,-157.0
4871,-161.0
4872,-197.0
4873,-200.0
4874,-192.0
4875,-192.0
4876,-197.0
4877,-168.0
4878,-156.0
4879,-161.0
4880,-167.0
4881,-162.0
4882,-186.0
4883,-186.0
4884,-187.0
4885,-189.0
4886,-192.0
4887,-158.0
4888,-160.0
4889,-158.0
4890,-200.0
4891,-158.0
4892,-195.0
4893,-157.0
4894,-153.0
4895,-169.0
4896,-159.0
4897,-167.0
4898,-193.0
4899,-199.0
4900,-197.0
4901,-162.0
4902,-176.0
4903,-161.0
4904,-190.0
4905,-192.0
4906,-166.0
4907,-160.0
4908,-192.0
4909,-158.0
4910,-165.0
4911,-162.0
4912,-197.0
4913,-192.0
4914,-168.0
4915,-153.0
4916,-174.0
4917,-194.0
4918,-200.0
4919,-198.0
4920,-165.0
4921,-168.0
4922,-164.0
4923,-166.0
4924,-157.0
4925,-165.0
4926,-194.0
4927,-184.0
4928,-158.0
4929,-190.0
4930,-196.0
4931,-193.0
4932,-153.0
4933,-200.0
4934,-195.0
4935,-200.0
4936,-197.0
4937,-192.0
4938,-197.0
4939,-162.0
4940,-161.0
4941,-189.0
4942,-196.0
4943,-184.0
4944,-188.0
4945,-200.0
4946,-184.0
4947,-178.0
4948,-163.0
4949,-200.0
4950,-184.0
4951,-154.0
4952,-156.0
4953,-173.0
4954,-189.0
4955,-189.0
4956,-157.0
4957,-160.0
4958,-160.0
4959,-190.0
4960,-155.0
4961,-174.0
4962,-189.0
4963,-154.0
4964,-156.0
4965,-157.0
4966,-162.0
4967,-200.0
4968,-200.0
4969,-151.0
4970,-161.0
4971,-163.0
4972,-200.0
4973,-158.0
4974,-200.0
4975,-158.0
4976,-200.0
4977,-163.0
4978,-165.0
4979,-166.0
4980,-158.0
4981,-165.0
4982,-165.0
4983,-158.0
4984,-164.0
4985,-163.0
4986,-166.0
4987,-187.0
4988,-159.0
4989,-200.0
4990,-163.0
4991,-158.0
4992,-200.0
4993,-161.0
4994,-160.0
4995,-151.0
4996,-162.0
4997,-160.0
4998,-150.0
4999,-156.0
5000,-157.0
5001,-166.0
5002,-164.0
5003,-200.0
5004,-200.0
5005,-200.0
5006,-200.0
5007,-167.0
5008,-157.0
5009,-200.0
5010,-157.0
5011,-200.0
5012,-166.0
5013,-179.0
5014,-200.0
5015,-161.0
5016,-164.0
5017,-160.0
5018,-200.0
5019,-178.0
5020,-158.0
5021,-162.0
5022,-163.0
5023,-157.0
5024,-200.0
5025,-200.0
5026,-158.0
5027,-200.0
5028,-151.0
5029,-165.0
5030,-161.0
5031,-200.0
5032,-161.0
5033,-200.0
5034,-172.0
5035,-176.0
5036,-200.0
5037,-172.0
5038,-200.0
5039,-200.0
5040,-200.0
5041,-200.0
5042,-200.0
5043,-200.0
5044,-200.0
5045,-200.0
5046,-193.0
5047,-200.0
5048,-197.0
5049,-200.0
5050,-200.0
5051,-173.0
5052,-190.0
5053,-200.0
5054,-189.0
5055,-172.0
5056,-173.0
5057,-200.0
5058,-164.0
5059,-159.0
5060,-170.0
5061,-189.0
5062,-200.0
5063,-186.0
5064,-191.0
5065,-194.0
5066,-122.0
5067,-196.0
5068,-173.0
5069,-172.0
5070,-200.0
5071,-200.0
5072,-126.0
5073,-189.0
5074,-127.0
5075,-185.0
5076,-200.0
5077,-180.0
5078,-169.0
5079,-177.0
5080,-172.0
5081,-200.0
5082,-195.0
5083,-179.0
5084,-197.0
5085,-176.0
5086,-184.0
5087,-124.0
5088,-187.0
5089,-172.0
5090,-174.0
5091,-190.0
5092,-196.0
5093,-189.0
5094,-188.0
5095,-185.0
5096,-175.0
5097,-175.0
5098,-186.0
5099,-181.0
5100,-196.0
5101,-200.0
5102,-169.0
5103,-171.0
5104,-157.0
5105,-164.0
5106,-157.0
5107,-171.0
5108,-168.0
5109,-159.0
5110,-159.0
5111,-132.0
5112,-167.0
5113,-135.0
5114,-163.0
5115,-176.0
5116,-155.0
5117,-200.0
5118,-129.0
5119,-146.0
5120,-149.0
5121,-164.0
5122,-152.0
5123,-167.0
5124,-164.0
5125,-200.0
5126,-200.0
5127,-155.0
5128,-153.0
5129,-154.0
5130,-168.0
5131,-162.0
5132,-154.0
5133,-165.0
5134,-200.0
5135,-153.0
5136,-200.0
5137,-161.0
5138,-178.0
5139,-200.0
5140,-171.0
5141,-121.0
5142,-170.0
5143,-168.0
5144,-169.0
5145,-171.0
5146,-165.0
5147,-168.0
5148,-160.0
5149,-167.0
5150,-166.0
5151,-178.0
5152,-165.0
5153,-157.0
5154,-161.0
5155,-150.0
5156,-200.0
5157,-163.0
5158,-149.0
5159,-164.0
5160,-154.0
5161,-125.0
5162,-164.0
5163,-162.0
5164,-169.0
5165,-132.0
5166,-172.0
5167,-171.0
5168,-171.0
5169,-161.0
5170,-200.0
5171,-200.0
5172,-200.0
5173,-200.0
5174,-200.0
5175,-175.0
5176,-200.0
5177,-200.0
5178,-170.0
5179,-159.0
5180,-200.0
5181,-200.0
5182,-200.0
5183,-200.0
5184,-200.0
5185,-200.0
5186,-153.0
5187,-144.0
5188,-200.0
5189,-148.0
5190,-200.0
5191,-200.0
5192,-200.0
5193,-200.0
5194,-200.0
5195,-169.0
5196,-162.0
5197,-176.0
5198,-164.0
5199,-200.0
5200,-165.0
5201,-161.0
5202,-168.0
5203,-172.0
5204,-193.0
5205,-164.0
5206,-200.0
5207,-170.0
5208,-200.0
5209,-194.0
5210,-197.0
5211,-177.0
5212,-175.0
5213,-175.0
5214,-189.0
5215,-170.0
5216,-166.0
5217,-200.0
5218,-165.0
5219,-170.0
5220,-171.0
5221,-164.0
5222,-167.0
5223,-173.0
5224,-190.0
5225,-200.0
5226,-162.0
5227,-165.0
5228,-187.0
5229,-163.0
5230,-200.0
5231,-164.0
5232,-161.0
5233,-163.0
5234,-200.0
5235,-160.0
5236,-157.0
5237,-188.0
5238,-156.0
5239,-195.0
5240,-162.0
5241,-200.0
5242,-160.0
5243,-149.0
5244,-161.0
5245,-163.0
5246,-166.0
5247,-162.0
5248,-163.0
5249,-166.0
5250,-157.0
5251,-200.0
5252,-160.0
5253,-195.0
5254,-200.0
5255,-162.0
5256,-162.0
5257,-164.0
5258,-200.0
5259,-183.0
5260,-200.0
5261,-188.0
5262,-171.0
5263,-200.0
5264,-170.0
5265,-161.0
5266,-200.0
5267,-173.0
5268,-178.0
5269,-182.0
5270,-200.0
5271,-157.0
5272,-156.0
5273,-158.0
5274,-185.0
5275,-180.0
5276,-157.0
5277,-160.0
5278,-184.0
5279,-157.0
5280,-167.0
5281,-162.0
5282,-200.0
5283,-168.0
5284,-168.0
5285,-160.0
5286,-200.0
5287,-200.0
5288,-168.0
5289,-163.0
5290,-197.0
5291,-194.0
5292,-160.0
5293,-200.0
5294,-159.0
5295,-200.0
5296,-164.0
5297,-193.0
5298,-159.0
5299,-148.0
5300,-166.0
5301,-161.0
5302,-162.0
5303,-196.0
5304,-165.0
5305,-165.0
5306,-158.0
5307,-200.0
5308,-157.0
5309,-163.0
5310,-174.0
5311,-170.0
5312,-158.0
5313,-189.0
5314,-172.0
5315,-200.0
5316,-193.0
5317,-169.0
5318,-160.0
5319,-200.0
5320,-200.0
5321,-162.0
5322,-200.0
5323,-200.0
5324,-195.0
5325,-200.0
5326,-173.0
5327,-200.0
5328,-188.0
5329,-200.0
5330,-200.0
5331,-200.0
5332,-197.0
5333,-191.0
5334,-172.0
5335,-165.0
5336,-160.0
5337,-174.0
5338,-158.0
5339,-171.0
5340,-200.0
5341,-158.0
5342,-161.0
5343,-165.0
5344,-167.0
5345,-200.0
5346,-200.0
5347,-200.0
5348,-200.0
5349,-200.0
5350,-200.0
5351,-160.0
5352,-193.0
5353,-200.0
5354,-158.0
5355,-153.0
5356,-161.0
5357,-188.0
5358,-168.0
5359,-197.0
5360,-163.0
5361,-175.0
5362,-166.0
5363,-163.0
5364,-200.0
5365,-191.0
5366,-174.0
5367,-187.0
5368,-200.0
5369,-193.0
5370,-200.0
5371,-200.0
5372,-191.0
5373,-168.0
5374,-189.0
5375,-200.0
5376,-192.0
5377,-172.0
5378,-165.0
5379,-158.0
5380,-199.0
5381,-155.0
5382,-190.0
5383,-195.0
5384,-178.0
5385,-200.0
5386,-197.0
5387,-200.0
5388,-200.0
5389,-200.0
5390,-169.0
5391,-200.0
5392,-200.0
5393,-200.0
5394,-171.0
5395,-160.0
5396,-189.0
5397,-159.0
5398,-187.0
5399,-157.0
5400,-167.0
5401,-162.0
5402,-200.0
5403,-194.0
5404,-165.0
5405,-164.0
5406,-161.0
5407,-164.0
5408,-162.0
5409,-173.0
5410,-168.0
5411,-163.0
5412,-158.0
5413,-187.0
5414,-197.0
5415,-193.0
5416,-180.0
5417,-179.0
5418,-180.0
5419,-162.0
5420,-156.0
5421,-193.0
5422,-164.0
5423,-158.0
5424,-162.0
5425,-189.0
5426,-185.0
5427,-157.0
5428,-155.0
5429,-169.0
5430,-154.0
5431,-158.0
5432,-156.0
5433,-177.0
5434,-159.0
5435,-170.0
5436,-168.0
5437,-159.0
5438,-160.0
5439,-151.0
5440,-168.0
5441,-158.0
5442,-153.0
5443,-156.0
5444,-155.0
5445,-190.0
5446,-196.0
5447,-162.0
5448,-170.0
5449,-154.0
5450,-165.0
5451,-157.0
5452,-158.0
5453,-161.0
5454,-164.0
5455,-157.0
5456,-184.0
5457,-168.0
5458,-185.0
5459,-192.0
5460,-186.0
5461,-170.0
5462,-154.0
5463,-170.0
5464,-158.0
5465,-167.0
5466,-173.0
5467,-172.0
5468,-173.0
5469,-162.0
5470,-156.0
5471,-200.0
5472,-158.0
5473,-200.0
5474,-151.0
5475,-200.0
5476,-161.0
5477,-158.0
5478,-150.0
5479,-200.0
5480,-185.0
5481,-156.0
5482,-152.0
5483,-200.0
5484,-200.0
5485,-155.0
5486,-200.0
5487,-168.0
5488,-200.0
5489,-190.0
5490,-200.0
5491,-200.0
5492,-155.0
5493,-200.0
5494,-164.0
5495,-133.0
5496,-192.0
5497,-200.0
5498,-152.0
5499,-200.0
5500,-200.0
5501,-165.0
5502,-200.0
5503,-162.0
5504,-159.0
5505,-167.0
5506,-169.0
5507,-154.0
5508,-200.0
5509,-168.0
5510,-175.0
5511,-184.0
5512,-200.0
5513,-170.0
5514,-200.0
5515,-157.0
5516,-160.0
5517,-175.0
5518,-158.0
5519,-164.0
5520,-170.0
5521,-200.0
5522,-180.0
5523,-175.0
5524,-159.0
5525,-200.0
5526,-169.0
5527,-161.0
5528,-186.0
5529,-175.0
5530,-179.0
5531,-189.0
5532,-200.0
5533,-200.0
5534,-200.0
5535,-200.0
5536,-198.0
5537,-189.0
5538,-153.0
5539,-188.0
5540,-155.0
5541,-194.0
5542,-172.0
5543,-184.0
5544,-200.0
5545,-161.0
5546,-166.0
5547,-173.0
5548,-200.0
5549,-167.0
5550,-184.0
5551,-181.0
5552,-172.0
5553,-200.0
5554,-186.0
5555,-174.0
5556,-200.0
5557,-190.0
5558,-200.0
5559,-200.0
5560,-200.0
5561,-188.0
5562,-200.0
5563,-200.0
5564,-200.0
5565,-200.0
5566,-200.0
5567,-200.0
5568,-200.0
5569,-200.0
5570,-200.0
5571,-200.0
5572,-200.0
5573,-200.0
5574,-200.0
5575,-200.0
5576,-200.0
5577,-200.0
5578,-200.0
5579,-200.0
5580,-200.0
5581,-200.0
5582,-200.0
5583,-200.0
5584,-200.0
5585,-200.0
5586,-200.0
5587,-200.0
5588,-200.0
5589,-200.0
5590,-200.0
5591,-200.0
5592,-200.0
5593,-200.0
5594,-200.0
5595,-169.0
5596,-200.0
5597,-200.0
5598,-200.0
5599,-200.0
5600,-200.0
5601,-200.0
5602,-200.0
5603,-200.0
5604,-200.0
5605,-200.0
5606,-200.0
5607,-200.0
5608,-200.0
5609,-200.0
5610,-163.0
5611,-199.0
5612,-200.0
5613,-200.0
5614,-200.0
5615,-200.0
5616,-157.0
5617,-200.0
5618,-153.0
5619,-200.0
5620,-156.0
5621,-200.0
5622,-149.0
5623,-155.0
5624,-164.0
5625,-200.0
5626,-200.0
5627,-195.0
5628,-154.0
5629,-151.0
5630,-179.0
5631,-200.0
5632,-160.0
5633,-165.0
5634,-147.0
5635,-153.0
5636,-149.0
5637,-155.0
5638,-171.0
5639,-200.0
5640,-168.0
5641,-123.0
5642,-162.0
5643,-200.0
5644,-200.0
5645,-168.0
5646,-172.0
5647,-160.0
5648,-200.0
5649,-185.0
5650,-160.0
5651,-176.0
5652,-200.0
5653,-200.0
5654,-200.0
5655,-168.0
5656,-173.0
5657,-156.0
5658,-168.0
5659,-165.0
5660,-163.0
5661,-200.0
5662,-200.0
5663,-200.0
5664,-200.0
5665,-131.0
5666,-200.0
5667,-169.0
5668,-170.0
5669,-200.0
5670,-200.0
5671,-139.0
5672,-191.0
5673,-174.0
5674,-130.0
5675,-133.0
5676,-178.0
5677,-200.0
5678,-200.0
5679,-139.0
5680,-166.0
5681,-200.0
5682,-200.0
5683,-173.0
5684,-200.0
5685,-164.0
5686,-200.0
5687,-134.0
5688,-200.0
5689,-200.0
5690,-200.0
5691,-200.0
5692,-200.0
5693,-200.0
5694,-200.0
5695,-200.0
5696,-200.0
5697,-170.0
5698,-167.0
5699,-163.0
5700,-200.0
5701,-176.0
5702,-200.0
5703,-200.0
5704,-199.0
5705,-200.0
5706,-200.0
5707,-169.0
5708,-200.0
5709,-152.0
5710,-164.0
5711,-200.0
5712,-187.0
5713,-165.0
5714,-157.0
5715,-200.0
5716,-200.0
5717,-199.0
5718,-198.0
5719,-189.0
5720,-196.0
5721,-194.0
5722,-200.0
5723,-164.0
5724,-162.0
5725,-161.0
5726,-172.0
5727,-194.0
5728,-194.0
5729,-199.0
5730,-182.0
5731,-191.0
5732,-159.0
5733,-154.0
5734,-164.0
5735,-162.0
5736,-178.0
5737,-173.0
5738,-151.0
5739,-168.0
5740,-180.0
5741,-155.0
5742,-153.0
5743,-154.0
5744,-154.0
5745,-182.0
5746,-182.0
5747,-156.0
5748,-190.0
5749,-190.0
5750,-165.0
5751,-159.0
5752,-150.0
5753,-172.0
5754,-151.0
5755,-192.0
5756,-183.0
5757,-191.0
5758,-182.0
5759,-154.0
5760,-186.0
5761,-193.0
5762,-159.0
5763,-189.0
5764,-195.0
5765,-151.0
5766,-181.0
5767,-153.0
5768,-185.0
5769,-153.0
5770,-199.0
5771,-183.0
5772,-178.0
5773,-200.0
5774,-189.0
5775,-186.0
5776,-155.0
5777,-191.0
5778,-154.0
5779,-171.0
5780,-183.0
5781,-170.0
5782,-160.0
5783,-154.0
5784,-153.0
5785,-154.0
5786,-178.0
5787,-199.0
5788,-189.0
5789,-183.0
5790,-154.0
5791,-200.0
5792,-158.0
5793,-177.0
5794,-159.0
5795,-193.0
5796,-187.0
5797,-158.0
5798,-186.0
5799,-188.0
5800,-151.0
5801,-191.0
5802,-191.0
5803,-176.0
5804,-194.0
5805,-187.0
5806,-156.0
5807,-182.0
5808,-200.0
5809,-181.0
5810,-152.0
5811,-190.0
5812,-167.0
5813,-195.0
5814,-191.0
5815,-169.0
5816,-186.0
5817,-188.0
5818,-185.0
5819,-187.0
5820,-181.0
5821,-186.0
5822,-192.0
5823,-184.0
5824,-199.0
5825,-157.0
5826,-153.0
5827,-150.0
5828,-189.0
5829,-151.0
5830,-191.0
5831,-177.0
5832,-156.0
5833,-189.0
5834,-197.0
5835,-188.0
5836,-180.0
5837,-180.0
5838,-192.0
5839,-151.0
5840,-154.0
5841,-152.0
5842,-176.0
5843,-145.0
5844,-187.0
5845,-176.0
5846,-154.0
5847,-183.0
5848,-171.0
5849,-187.0
5850,-192.0
5851,-170.0
5852,-200.0
5853,-200.0
5854,-194.0
5855,-190.0
5856,-178.0
5857,-187.0
5858,-186.0
5859,-180.0
5860,-179.0
5861,-176.0
5862,-183.0
5863,-183.0
5864,-178.0
5865,-183.0
5866,-194.0
5867,-184.0
5868,-200.0
5869,-200.0
5870,-199.0
5871,-182.0
5872,-200.0
5873,-199.0
5874,-200.0
5875,-173.0
5876,-200.0
5877,-200.0
5878,-200.0
5879,-153.0
5880,-160.0
5881,-200.0
5882,-195.0
5883,-200.0
5884,-154.0
5885,-153.0
5886,-187.0
5887,-152.0
5888,-151.0
5889,-163.0
5890,-163.0
5891,-200.0
5892,-195.0
5893,-200.0
5894,-200.0
5895,-196.0
5896,-154.0
5897,-150.0
5898,-159.0
5899,-195.0
5900,-200.0
5901,-192.0
5902,-194.0
5903,-152.0
5904,-166.0
5905,-191.0
5906,-190.0
5907,-200.0
5908,-199.0
5909,-152.0
5910,-152.0
5911,-154.0
5912,-195.0
5913,-153.0
5914,-192.0
5915,-153.0
5916,-154.0
5917,-200.0
5918,-186.0
5919,-181.0
5920,-158.0
5921,-161.0
5922,-155.0
5923,-155.0
5924,-200.0
5925,-183.0
5926,-159.0
5927,-192.0
5928,-153.0
5929,-200.0
5930,-152.0
5931,-187.0
5932,-198.0
5933,-189.0
5934,-151.0
5935,-200.0
5936,-191.0
5937,-200.0
5938,-200.0
5939,-152.0
5940,-188.0
5941,-154.0
5942,-152.0
5943,-186.0
5944,-194.0
5945,-152.0
5946,-149.0
5947,-152.0
5948,-200.0
5949,-191.0
5950,-200.0
5951,-165.0
5952,-148.0
5953,-184.0
5954,-160.0
5955,-200.0
5956,-158.0
5957,-200.0
5958,-200.0
5959,-200.0
5960,-149.0
5961,-156.0
5962,-158.0
5963,-200.0
5964,-200.0
5965,-168.0
5966,-200.0
5967,-200.0
5968,-200.0
5969,-164.0
5970,-147.0
5971,-197.0
5972,-200.0
5973,-155.0
5974,-150.0
5975,-165.0
5976,-151.0
5977,-155.0
5978,-166.0
5979,-192.0
5980,-167.0
5981,-170.0
5982,-191.0
5983,-157.0
5984,-148.0
5985,-152.0
5986,-200.0
5987,-195.0
5988,-193.0
5989,-157.0
5990,-190.0
5991,-164.0
5992,-196.0
5993,-194.0
5994,-170.0
5995,-151.0
5996,-150.0
5997,-185.0
5998,-152.0
5999,-161.0
6000,-159.0
6001,-149.0
6002,-174.0
6003,-172.0
6004,-200.0
6005,-151.0
6006,-152.0
6007,-196.0
6008,-200.0
6009,-182.0
6010,-170.0
6011,-127.0
6012,-151.0
6013,-177.0
6014,-200.0
6015,-149.0
6016,-151.0
6017,-155.0
6018,-148.0
6019,-130.0
6020,-178.0
6021,-130.0
6022,-193.0
6023,-195.0
6024,-200.0
6025,-158.0
6026,-164.0
6027,-165.0
6028,-184.0
6029,-170.0
6030,-163.0
6031,-154.0
6032,-165.0
6033,-164.0
6034,-178.0
6035,-147.0
6036,-171.0
6037,-167.0
6038,-150.0
6039,-159.0
6040,-150.0
6041,-151.0
6042,-155.0
6043,-185.0
6044,-158.0
6045,-174.0
6046,-179.0
6047,-200.0
6048,-159.0
6049,-142.0
6050,-147.0
6051,-177.0
6052,-159.0
6053,-159.0
6054,-177.0
6055,-183.0
6056,-172.0
6057,-181.0
6058,-153.0
6059,-171.0
6060,-199.0
6061,-182.0
6062,-158.0
6063,-157.0
6064,-155.0
6065,-177.0
6066,-185.0
6067,-162.0
6068,-177.0
6069,-169.0
6070,-161.0
6071,-165.0
6072,-180.0
6073,-166.0
6074,-176.0
6075,-200.0
6076,-181.0
6077,-190.0
6078,-200.0
6079,-178.0
6080,-162.0
6081,-199.0
6082,-131.0
6083,-162.0
6084,-154.0
6085,-183.0
6086,-200.0
6087,-200.0
6088,-200.0
6089,-156.0
6090,-151.0
6091,-126.0
6092,-200.0
6093,-131.0
6094,-161.0
6095,-159.0
6096,-159.0
6097,-159.0
6098,-169.0
6099,-162.0
6100,-159.0
6101,-200.0
6102,-155.0
6103,-196.0
6104,-200.0
6105,-167.0
6106,-184.0
6107,-163.0
6108,-156.0
6109,-169.0
6110,-124.0
6111,-152.0
6112,-128.0
6113,-159.0
6114,-174.0
6115,-130.0
6116,-156.0
6117,-200.0
6118,-179.0
6119,-132.0
6120,-132.0
6121,-169.0
6122,-193.0
6123,-162.0
6124,-168.0
6125,-194.0
6126,-200.0
6127,-200.0
6128,-200.0
6129,-200.0
6130,-200.0
6131,-186.0
6132,-174.0
6133,-200.0
6134,-200.0
6135,-200.0
6136,-174.0
6137,-200.0
6138,-200.0
6139,-200.0
6140,-200.0
6141,-200.0
6142,-200.0
6143,-168.0
6144,-200.0
6145,-200.0
6146,-200.0
6147,-200.0
6148,-200.0
6149,-200.0
6150,-200.0
6151,-200.0
6152,-200.0
6153,-186.0
6154,-200.0
6155,-200.0
6156,-200.0
6157,-196.0
6158,-176.0
6159,-200.0
6160,-175.0
6161,-167.0
6162,-168.0
6163,-200.0
6164,-195.0
6165,-191.0
6166,-198.0
6167,-158.0
6168,-193.0
6169,-192.0
6170,-191.0
6171,-193.0
6172,-189.0
6173,-184.0
6174,-188.0
6175,-184.0
6176,-184.0
6177,-163.0
6178,-197.0
6179,-184.0
6180,-193.0
6181,-172.0
6182,-190.0
6183,-182.0
6184,-160.0
6185,-158.0
6186,-151.0
6187,-152.0
6188,-193.0
6189,-157.0
6190,-157.0
6191,-160.0
6192,-170.0
6193,-156.0
6194,-154.0
6195,-158.0
6196,-183.0
6197,-185.0
6198,-166.0
6199,-182.0
6200,-153.0
6201,-197.0
6202,-155.0
6203,-158.0
6204,-197.0
6205,-188.0
6206,-156.0
6207,-198.0
6208,-187.0
6209,-184.0
6210,-181.0
6211,-192.0
6212,-198.0
6213,-190.0
6214,-160.0
6215,-196.0
6216,-156.0
6217,-200.0
6218,-200.0
6219,-200.0
6220,-167.0
6221,-179.0
6222,-180.0
6223,-158.0
6224,-197.0
6225,-193.0
6226,-196.0
6227,-161.0
6228,-165.0
6229,-197.0
6230,-169.0
6231,-173.0
6232,-174.0
6233,-164.0
6234,-195.0
6235,-186.0
6236,-152.0
6237,-164.0
6238,-186.0
6239,-151.0
6240,-156.0
6241,-169.0
6242,-192.0
6243,-157.0
6244,-156.0
6245,-188.0
6246,-185.0
6247,-156.0
6248,-187.0
6249,-157.0
6250,-156.0
6251,-157.0
6252,-197.0
6253,-163.0
6254,-155.0
6255,-196.0
6256,-167.0
6257,-200.0
6258,-192.0
6259,-165.0
6260,-157.0
6261,-155.0
6262,-155.0
6263,-159.0
6264,-198.0
6265,-157.0
6266,-172.0
6267,-154.0
6268,-200.0
6269,-157.0
6270,-163.0
6271,-158.0
6272,-158.0
6273,-198.0
6274,-163.0
6275,-157.0
6276,-200.0
6277,-165.0
6278,-165.0
6279,-163.0
6280,-200.0
6281,-172.0
6282,-200.0
6283,-200.0
6284,-190.0
6285,-200.0
6286,-186.0
6287,-185.0
6288,-200.0
6289,-192.0
6290,-186.0
6291,-195.0
6292,-184.0
6293,-158.0
6294,-157.0
6295,-195.0
6296,-168.0
6297,-188.0
6298,-170.0
6299,-194.0
6300,-162.0
6301,-174.0
6302,-193.0
6303,-177.0
6304,-200.0
6305,-161.0
6306,-160.0
6307,-162.0
6308,-171.0
6309,-179.0
6310,-180.0
6311,-172.0
6312,-174.0
6313,-189.0
6314,-200.0
6315,-183.0
6316,-187.0
6317,-155.0
6318,-159.0
6319,-159.0
6320,-179.0
6321,-165.0
6322,-171.0
6323,-193.0
6324,-191.0
6325,-195.0
6326,-176.0
6327,-156.0
6328,-181.0
6329,-180.0
6330,-163.0
6331,-167.0
6332,-169.0
6333,-153.0
6334,-163.0
6335,-161.0
6336,-176.0
6337,-182.0
6338,-192.0
6339,-193.0
6340,-161.0
6341,-179.0
6342,-200.0
6343,-174.0
6344,-178.0
6345,-162.0
6346,-158.0
6347,-170.0
6348,-160.0
6349,-159.0
6350,-164.0
6351,-162.0
6352,-167.0
6353,-163.0
6354,-172.0
6355,-188.0
6356,-158.0
6357,-165.0
6358,-193.0
6359,-177.0
6360,-166.0
6361,-187.0
6362,-179.0
6363,-174.0
6364,-160.0
6365,-160.0
6366,-199.0
6367,-178.0
6368,-182.0
6369,-189.0
6370,-200.0
6371,-168.0
6372,-161.0
6373,-200.0
6374,-200.0
6375,-200.0
6376,-200.0
6377,-200.0
6378,-200.0
6379,-200.0
6380,-200.0
6381,-180.0
6382,-200.0
6383,-156.0
6384,-178.0
6385,-200.0
6386,-200.0
6387,-200.0
6388,-200.0
6389,-200.0
6390,-157.0
6391,-200.0
6392,-158.0
6393,-155.0
6394,-186.0
6395,-199.0
6396,-196.0
6397,-186.0
6398,-159.0
6399,-177.0
6400,-192.0
6401,-165.0
6402,-165.0
6403,-200.0
6404,-192.0
6405,-187.0
6406,-197.0
6407,-174.0
6408,-180.0
6409,-189.0
6410,-191.0
6411,-174.0
6412,-187.0
6413,-200.0
6414,-174.0
6415,-196.0
6416,-174.0
6417,-200.0
6418,-193.0
6419,-185.0
6420,-187.0
6421,-151.0
6422,-159.0
6423,-178.0
6424,-173.0
6425,-200.0
6426,-173.0
6427,-172.0
6428,-191.0
6429,-200.0
6430,-200.0
6431,-174.0
6432,-163.0
6433,-200.0
6434,-187.0
6435,-192.0
6436,-182.0
6437,-170.0
6438,-200.0
6439,-196.0
6440,-188.0
6441,-174.0
6442,-200.0
6443,-175.0
6444,-179.0
6445,-179.0
6446,-188.0
6447,-200.0
6448,-160.0
6449,-170.0
6450,-186.0
6451,-200.0
6452,-188.0
6453,-162.0
6454,-170.0
6455,-186.0
6456,-185.0
6457,-174.0
6458,-161.0
6459,-180.0
6460,-179.0
6461,-167.0
6462,-174.0
6463,-200.0
6464,-166.0
6465,-189.0
6466,-161.0
6467,-178.0
6468,-178.0
6469,-186.0
6470,-158.0
6471,-176.0
6472,-185.0
6473,-196.0
6474,-151.0
6475,-200.0
6476,-172.0
6477,-184.0
6478,-200.0
6479,-152.0
6480,-200.0
6481,-172.0
6482,-172.0
6483,-172.0
6484,-163.0
6485,-164.0
6486,-180.0
6487,-152.0
6488,-169.0
6489,-157.0
6490,-173.0
6491,-157.0
6492,-159.0
6493,-161.0
6494,-153.0
6495,-156.0
6496,-178.0
6497,-158.0
6498,-172.0
6499,-155.0
6500,-158.0
6501,-185.0
6502,-165.0
6503,-159.0
6504,-172.0
6505,-171.0
6506,-158.0
6507,-166.0
6508,-170.0
6509,-157.0
6510,-159.0
6511,-166.0
6512,-186.0
6513,-160.0
6514,-173.0
6515,-180.0
6516,-162.0
6517,-168.0
6518,-161.0
6519,-167.0
6520,-171.0
6521,-157.0
6522,-172.0
6523,-161.0
6524,-156.0
6525,-175.0
6526,-162.0
6527,-173.0
6528,-168.0
6529,-158.0
6530,-119.0
6531,-180.0
6532,-175.0
6533,-155.0
6534,-187.0
6535,-200.0
6536,-156.0
6537,-156.0
6538,-184.0
6539,-162.0
6540,-161.0
6541,-160.0
6542,-178.0
6543,-156.0
6544,-188.0
6545,-160.0
6546,-157.0
6547,-159.0
6548,-172.0
6549,-189.0
6550,-163.0
6551,-177.0
6552,-157.0
6553,-181.0
6554,-161.0
6555,-153.0
6556,-159.0
6557,-153.0
6558,-171.0
6559,-146.0
6560,-200.0
6561,-159.0
6562,-160.0
6563,-117.0
6564,-166.0
6565,-155.0
6566,-173.0
6567,-162.0
6568,-200.0
6569,-162.0
6570,-161.0
6571,-159.0
6572,-165.0
6573,-158.0
6574,-161.0
6575,-126.0
6576,-157.0
6577,-149.0
6578,-151.0
6579,-156.0
6580,-176.0
6581,-157.0
6582,-153.0
6583,-163.0
6584,-180.0
6585,-161.0
6586,-165.0
6587,-154.0
6588,-200.0
6589,-160.0
6590,-159.0
6591,-121.0
6592,-151.0
6593,-120.0
6594,-154.0
6595,-118.0
6596,-154.0
6597,-172.0
6598,-151.0
6599,-173.0
6600,-158.0
6601,-149.0
6602,-154.0
6603,-119.0
6604,-200.0
6605,-149.0
6606,-200.0
6607,-162.0
6608,-200.0
6609,-164.0
6610,-200.0
6611,-152.0
6612,-145.0
6613,-169.0
6614,-200.0
6615,-200.0
6616,-143.0
6617,-154.0
6618,-165.0
6619,-152.0
6620,-158.0
6621,-200.0
6622,-200.0
6623,-189.0
6624,-194.0
6625,-185.0
6626,-176.0
6627,-195.0
6628,-197.0
6629,-165.0
6630,-162.0
6631,-193.0
6632,-146.0
6633,-188.0
6634,-179.0
6635,-198.0
6636,-175.0
6637,-171.0
6638,-165.0
6639,-178.0
6640,-175.0
6641,-124.0
6642,-169.0
6643,-200.0
6644,-200.0
6645,-197.0
6646,-118.0
6647,-120.0
6648,-166.0
6649,-198.0
6650,-200.0
6651,-200.0
6652,-188.0
6653,-200.0
6654,-190.0
6655,-166.0
6656,-165.0
6657,-129.0
6658,-199.0
6659,-159.0
6660,-200.0
6661,-165.0
6662,-200.0
6663,-158.0
6664,-200.0
6665,-200.0
6666,-194.0
6667,-166.0
6668,-160.0
6669,-171.0
6670,-165.0
6671,-199.0
6672,-200.0
6673,-166.0
6674,-159.0
6675,-198.0
6676,-186.0
6677,-159.0
6678,-154.0
6679,-154.0
6680,-200.0
6681,-193.0
6682,-155.0
6683,-160.0
6684,-200.0
6685,-171.0
6686,-171.0
6687,-160.0
6688,-192.0
6689,-160.0
6690,-198.0
6691,-170.0
6692,-169.0
6693,-165.0
6694,-161.0
6695,-200.0
6696,-159.0
6697,-162.0
6698,-160.0
6699,-199.0
6700,-156.0
6701,-154.0
6702,-166.0
6703,-200.0
6704,-200.0
6705,-199.0
6706,-166.0
6707,-119.0
6708,-158.0
6709,-151.0
6710,-170.0
6711,-163.0
6712,-195.0
6713,-153.0
6714,-172.0
6715,-124.0
6716,-147.0
6717,-195.0
6718,-200.0
6719,-154.0
6720,-124.0
6721,-168.0
6722,-200.0
6723,-167.0
6724,-200.0
6725,-200.0
6726,-151.0
6727,-200.0
6728,-200.0
6729,-197.0
6730,-200.0
6731,-200.0
6732,-162.0
6733,-153.0
6734,-165.0
6735,-150.0
6736,-148.0
6737,-200.0
6738,-153.0
6739,-152.0
6740,-198.0
6741,-200.0
6742,-150.0
6743,-147.0
6744,-149.0
6745,-156.0
6746,-200.0
6747,-199.0
6748,-200.0
6749,-200.0
6750,-146.0
6751,-155.0
6752,-157.0
6753,-150.0
6754,-161.0
6755,-199.0
6756,-148.0
6757,-200.0
6758,-149.0
6759,-144.0
6760,-151.0
6761,-159.0
6762,-147.0
6763,-195.0
6764,-197.0
6765,-199.0
6766,-149.0
6767,-149.0
6768,-148.0
6769,-143.0
6770,-200.0
6771,-147.0
6772,-161.0
6773,-197.0
6774,-197.0
6775,-150.0
6776,-154.0
6777,-153.0
6778,-151.0
6779,-198.0
6780,-148.0
6781,-149.0
6782,-200.0
6783,-149.0
6784,-200.0
6785,-151.0
6786,-194.0
6787,-150.0
6788,-148.0
6789,-150.0
6790,-149.0
6791,-200.0
6792,-148.0
6793,-195.0
6794,-153.0
6795,-164.0
6796,-200.0
6797,-149.0
6798,-151.0
6799,-199.0
6800,-163.0
6801,-148.0
6802,-151.0
6803,-151.0
6804,-193.0
6805,-198.0
6806,-198.0
6807,-156.0
6808,-200.0
6809,-148.0
6810,-152.0
6811,-148.0
6812,-163.0
6813,-152.0
6814,-199.0
6815,-193.0
6816,-151.0
6817,-198.0
6818,-195.0
6819,-188.0
6820,-162.0
6821,-185.0
6822,-149.0
6823,-148.0
6824,-151.0
6825,-147.0
6826,-150.0
6827,-184.0
6828,-163.0
6829,-163.0
6830,-146.0
6831,-148.0
6832,-163.0
6833,-162.0
6834,-146.0
6835,-187.0
6836,-146.0
6837,-147.0
6838,-151.0
6839,-150.0
6840,-148.0
6841,-189.0
6842,-189.0
6843,-151.0
6844,-195.0
6845,-147.0
6846,-151.0
6847,-150.0
6848,-156.0
6849,-157.0
6850,-154.0
6851,-154.0
6852,-189.0
6853,-200.0
6854,-193.0
6855,-200.0
6856,-200.0
6857,-191.0
6858,-151.0
6859,-152.0
6860,-200.0
6861,-155.0
6862,-200.0
6863,-200.0
6864,-167.0
6865,-153.0
6866,-200.0
6867,-152.0
6868,-153.0
6869,-194.0
6870,-200.0
6871,-200.0
6872,-196.0
6873,-200.0
6874,-200.0
6875,-157.0
6876,-152.0
6877,-159.0
6878,-151.0
6879,-152.0
6880,-154.0
6881,-155.0
6882,-146.0
6883,-200.0
6884,-146.0
6885,-148.0
6886,-152.0
6887,-200.0
6888,-149.0
6889,-174.0
6890,-200.0
6891,-158.0
6892,-156.0
6893,-153.0
6894,-156.0
6895,-145.0
6896,-200.0
6897,-147.0
6898,-152.0
6899,-160.0
6900,-140.0
6901,-146.0
6902,-144.0
6903,-160.0
6904,-154.0
6905,-143.0
6906,-143.0
6907,-157.0
6908,-148.0
6909,-149.0
6910,-154.0
6911,-152.0
6912,-200.0
6913,-200.0
6914,-156.0
6915,-144.0
6916,-149.0
6917,-153.0
6918,-153.0
6919,-159.0
6920,-151.0
6921,-156.0
6922,-145.0
6923,-152.0
6924,-157.0
6925,-200.0
6926,-152.0
6927,-163.0
6928,-158.0
6929,-163.0
6930,-200.0
6931,-180.0
6932,-156.0
6933,-155.0
6934,-159.0
6935,-200.0
6936,-186.0
6937,-159.0
6938,-200.0
6939,-152.0
6940,-158.0
6941,-200.0
6942,-155.0
6943,-200.0
6944,-200.0
6945,-175.0
6946,-153.0
6947,-175.0
6948,-155.0
6949,-197.0
6950,-159.0
6951,-194.0
6952,-165.0
6953,-158.0
6954,-169.0
6955,-156.0
6956,-158.0
6957,-189.0
6958,-159.0
6959,-157.0
6960,-148.0
6961,-160.0
6962,-176.0
6963,-140.0
6964,-162.0
6965,-160.0
6966,-200.0
6967,-157.0
6968,-160.0
6969,-154.0
6970,-169.0
6971,-194.0
6972,-155.0
6973,-166.0
6974,-200.0
6975,-153.0
6976,-200.0
6977,-200.0
6978,-154.0
6979,-200.0
6980,-189.0
6981,-200.0
6982,-157.0
6983,-200.0
6984,-200.0
6985,-157.0
6986,-152.0
6987,-162.0
6988,-152.0
6989,-179.0
6990,-157.0
6991,-179.0
6992,-153.0
6993,-153.0
6994,-156.0
6995,-161.0
6996,-168.0
6997,-155.0
6998,-153.0
6999,-159.0
7000,-138.0
7001,-178.0
7002,-149.0
7003,-170.0
7004,-154.0
7005,-145.0
7006,-164.0
7007,-161.0
7008,-200.0
7009,-153.0
7010,-157.0
7011,-151.0
7012,-162.0
7013,-195.0
7014,-158.0
7015,-145.0
7016,-149.0
7017,-157.0
7018,-145.0
7019,-162.0
7020,-148.0
7021,-147.0
7022,-168.0
7023,-190.0
7024,-156.0
7025,-145.0
7026,-160.0
7027,-148.0
7028,-140.0
7029,-145.0
7030,-150.0
7031,-156.0
7032,-163.0
7033,-148.0
7034,-150.0
7035,-149.0
7036,-151.0
7037,-142.0
7038,-200.0
7039,-143.0
7040,-156.0
7041,-153.0
7042,-140.0
7043,-165.0
7044,-158.0
7045,-162.0
7046,-159.0
7047,-140.0
7048,-151.0
7049,-159.0
7050,-140.0
7051,-157.0
7052,-141.0
7053,-141.0
7054,-145.0
7055,-155.0
7056,-141.0
7057,-159.0
7058,-154.0
7059,-142.0
7060,-158.0
7061,-156.0
7062,-143.0
7063,-152.0
7064,-141.0
7065,-147.0
7066,-140.0
7067,-154.0
7068,-154.0
7069,-144.0
7070,-146.0
7071,-158.0
7072,-147.0
7073,-154.0
7074,-153.0
7075,-150.0
7076,-154.0
7077,-142.0
7078,-162.0
7079,-141.0
7080,-143.0
7081,-147.0
7082,-154.0
7083,-155.0
7084,-144.0
7085,-155.0
7086,-144.0
7087,-149.0
7088,-154.0
7089,-148.0
7090,-143.0
7091,-143.0
7092,-144.0
7093,-154.0
7094,-149.0
7095,-142.0
7096,-155.0
7097,-150.0
7098,-200.0
7099,-191.0
7100,-153.0
7101,-148.0
7102,-200.0
7103,-152.0
7104,-151.0
7105,-200.0
7106,-148.0
7107,-155.0
7108,-148.0
7109,-153.0
7110,-147.0
7111,-141.0
7112,-155.0
7113,-147.0
7114,-149.0
7115,-145.0
7116,-200.0
7117,-158.0
7118,-195.0
7119,-147.0
7120,-145.0
7121,-144.0
7122,-181.0
7123,-161.0
7124,-152.0
7125,-200.0
7126,-155.0
7127,-152.0
7128,-164.0
7129,-149.0
7130,-161.0
7131,-166.0
7132,-161.0
7133,-157.0
7134,-150.0
7135,-138.0
7136,-200.0
7137,-163.0
7138,-200.0
7139,-120.0
7140,-152.0
7141,-200.0
7142,-200.0
7143,-143.0
7144,-121.0
7145,-144.0
7146,-200.0
7147,-186.0
7148,-117.0
7149,-113.0
7150,-137.0
7151,-200.0
7152,-200.0
7153,-200.0
7154,-148.0
7155,-200.0
7156,-182.0
7157,-192.0
7158,-195.0
7159,-167.0
7160,-200.0
7161,-191.0
7162,-200.0
7163,-200.0
7164,-185.0
7165,-168.0
7166,-200.0
7167,-194.0
7168,-143.0
7169,-142.0
7170,-120.0
7171,-200.0
7172,-138.0
7173,-117.0
7174,-200.0
7175,-151.0
7176,-152.0
7177,-174.0
7178,-166.0
7179,-140.0
7180,-152.0
7181,-158.0
7182,-161.0
7183,-166.0
7184,-145.0
7185,-118.0
7186,-156.0
7187,-200.0
7188,-177.0
7189,-186.0
7190,-155.0
7191,-194.0
7192,-152.0
7193,-151.0
7194,-155.0
7195,-195.0
7196,-155.0
7197,-191.0
7198,-197.0
7199,-164.0
7200,-119.0
7201,-151.0
7202,-154.0
7203,-188.0
7204,-151.0
7205,-200.0
7206,-127.0
7207,-191.0
7208,-195.0
7209,-152.0
7210,-194.0
7211,-191.0
7212,-200.0
7213,-197.0
7214,-154.0
7215,-200.0
7216,-179.0
7217,-175.0
7218,-181.0
7219,-158.0
7220,-185.0
7221,-177.0
7222,-157.0
7223,-156.0
7224,-200.0
7225,-157.0
7226,-187.0
7227,-149.0
7228,-155.0
7229,-181.0
7230,-173.0
7231,-158.0
7232,-151.0
7233,-153.0
7234,-181.0
7235,-174.0
7236,-161.0
7237,-178.0
7238,-138.0
7239,-181.0
7240,-177.0
7241,-177.0
7242,-154.0
7243,-181.0
7244,-169.0
7245,-182.0
7246,-155.0
7247,-177.0
7248,-180.0
7249,-177.0
7250,-181.0
7251,-179.0
7252,-153.0
7253,-147.0
7254,-186.0
7255,-177.0
7256,-172.0
7257,-185.0
7258,-180.0
7259,-182.0
7260,-183.0
7261,-189.0
7262,-197.0
7263,-175.0
7264,-156.0
7265,-142.0
7266,-196.0
7267,-171.0
7268,-152.0
7269,-173.0
7270,-157.0
7271,-169.0
7272,-156.0
7273,-168.0
7274,-152.0
7275,-159.0
7276,-200.0
7277,-190.0
7278,-169.0
7279,-152.0
7280,-155.0
7281,-158.0
7282,-157.0
7283,-181.0
7284,-189.0
7285,-188.0
7286,-162.0
7287,-194.0
7288,-200.0
7289,-194.0
7290,-189.0
7291,-191.0
7292,-156.0
7293,-200.0
7294,-161.0
7295,-200.0
7296,-194.0
7297,-194.0
7298,-178.0
7299,-188.0
7300,-176.0
7301,-153.0
7302,-190.0
7303,-152.0
7304,-157.0
7305,-200.0
7306,-171.0
7307,-159.0
7308,-143.0
7309,-195.0
7310,-200.0
7311,-163.0
7312,-184.0
7313,-161.0
7314,-162.0
7315,-157.0
7316,-189.0
7317,-182.0
7318,-170.0
7319,-173.0
7320,-156.0
7321,-199.0
7322,-200.0
7323,-159.0
7324,-173.0
7325,-157.0
7326,-193.0
7327,-156.0
7328,-191.0
7329,-173.0
7330,-194.0
7331,-189.0
7332,-191.0
7333,-158.0
7334,-189.0
7335,-189.0
7336,-185.0
7337,-196.0
7338,-152.0
7339,-172.0
7340,-155.0
7341,-157.0
7342,-194.0
7343,-189.0
7344,-161.0
7345,-153.0
7346,-193.0
7347,-114.0
7348,-192.0
7349,-193.0
7350,-131.0
7351,-156.0
7352,-194.0
7353,-152.0
7354,-154.0
7355,-198.0
7356,-154.0
7357,-152.0
7358,-157.0
7359,-200.0
7360,-159.0
7361,-154.0
7362,-200.0
7363,-158.0
7364,-156.0
7365,-159.0
7366,-200.0
7367,-192.0
7368,-143.0
7369,-200.0
7370,-200.0
7371,-200.0
7372,-200.0
7373,-156.0
7374,-158.0
7375,-200.0
7376,-199.0
7377,-160.0
7378,-163.0
7379,-164.0
7380,-160.0
7381,-154.0
7382,-142.0
7383,-156.0
7384,-159.0
7385,-158.0
7386,-139.0
7387,-134.0
7388,-163.0
7389,-180.0
7390,-158.0
7391,-140.0
7392,-157.0
7393,-157.0
7394,-134.0
7395,-145.0
7396,-157.0
7397,-200.0
7398,-160.0
7399,-155.0
7400,-157.0
7401,-196.0
7402,-178.0
7403,-137.0
7404,-158.0
7405,-168.0
7406,-141.0
7407,-180.0
7408,-141.0
7409,-168.0
7410,-135.0
7411,-174.0
7412,-173.0
7413,-138.0
7414,-177.0
7415,-173.0
7416,-143.0
7417,-166.0
7418,-136.0
7419,-172.0
7420,-154.0
7421,-158.0
7422,-155.0
7423,-192.0
7424,-159.0
7425,-160.0
7426,-152.0
7427,-183.0
7428,-135.0
7429,-197.0
7430,-154.0
7431,-175.0
7432,-167.0
7433,-153.0
7434,-193.0
7435,-154.0
7436,-181.0
7437,-166.0
7438,-189.0
7439,-194.0
7440,-197.0
7441,-158.0
7442,-190.0
7443,-166.0
7444,-145.0
7445,-137.0
7446,-158.0
7447,-154.0
7448,-172.0
7449,-134.0
7450,-173.0
7451,-153.0
7452,-170.0
7453,-165.0
7454,-158.0
7455,-159.0
7456,-140.0
7457,-156.0
7458,-155.0
7459,-200.0
7460,-191.0
7461,-188.0
7462,-190.0
7463,-151.0
7464,-190.0
7465,-159.0
7466,-178.0
7467,-185.0
7468,-160.0
7469,-159.0
7470,-166.0
7471,-178.0
7472,-180.0
7473,-177.0
7474,-154.0
7475,-170.0
7476,-178.0
7477,-167.0
7478,-179.0
7479,-177.0
7480,-155.0
7481,-183.0
7482,-181.0
7483,-156.0
7484,-152.0
7485,-176.0
7486,-178.0
7487,-184.0
7488,-180.0
7489,-182.0
7490,-153.0
7491,-180.0
7492,-180.0
7493,-184.0
7494,-182.0
7495,-182.0
7496,-154.0
7497,-187.0
7498,-185.0
7499,-151.0
7500,-148.0
7501,-184.0
7502,-154.0
7503,-152.0
7504,-183.0
7505,-166.0
7506,-186.0
7507,-186.0
7508,-170.0
7509,-152.0
7510,-181.0
7511,-156.0
7512,-154.0
7513,-153.0
7514,-180.0
7515,-170.0
7516,-150.0
7517,-171.0
7518,-153.0
7519,-183.0
7520,-183.0
7521,-180.0
7522,-151.0
7523,-181.0
7524,-178.0
7525,-168.0
7526,-175.0
7527,-170.0
7528,-184.0
7529,-153.0
7530,-158.0
7531,-156.0
7532,-183.0
7533,-180.0
7534,-152.0
7535,-185.0
7536,-157.0
7537,-155.0
7538,-154.0
7539,-179.0
7540,-154.0
7541,-155.0
7542,-179.0
7543,-151.0
7544,-184.0
7545,-167.0
7546,-185.0
7547,-155.0
7548,-178.0
7549,-154.0
7550,-183.0
7551,-154.0
7552,-170.0
7553,-154.0
7554,-153.0
7555,-157.0
7556,-154.0
7557,-154.0
7558,-180.0
7559,-157.0
7560,-181.0
7561,-180.0
7562,-156.0
7563,-183.0
7564,-153.0
7565,-180.0
7566,-176.0
7567,-183.0
7568,-161.0
7569,-181.0
7570,-159.0
7571,-177.0
7572,-156.0
7573,-152.0
7574,-177.0
7575,-158.0
7576,-151.0
7577,-177.0
7578,-177.0
7579,-150.0
7580,-154.0
7581,-171.0
7582,-178.0
7583,-165.0
7584,-155.0
7585,-154.0
7586,-151.0
7587,-178.0
7588,-179.0
7589,-158.0
7590,-159.0
7591,-160.0
7592,-155.0
7593,-155.0
7594,-169.0
7595,-151.0
7596,-180.0
7597,-150.0
7598,-148.0
7599,-155.0
7600,-152.0
7601,-147.0
7602,-154.0
7603,-178.0
7604,-174.0
7605,-149.0
7606,-151.0
7607,-177.0
7608,-148.0
7609,-148.0
7610,-152.0
7611,-146.0
7612,-174.0
7613,-166.0
7614,-159.0
7615,-160.0
7616,-151.0
7617,-149.0
7618,-159.0
7619,-169.0
7620,-156.0
7621,-172.0
7622,-146.0
7623,-145.0
7624,-146.0
7625,-148.0
7626,-164.0
7627,-152.0
7628,-173.0
7629,-170.0
7630,-147.0
7631,-171.0
7632,-177.0
7633,-164.0
7634,-173.0
7635,-144.0
7636,-146.0
7637,-146.0
7638,-145.0
7639,-161.0
7640,-145.0
7641,-153.0
7642,-161.0
7643,-145.0
7644,-148.0
7645,-169.0
7646,-154.0
7647,-164.0
7648,-192.0
7649,-200.0
7650,-182.0
7651,-173.0
7652,-165.0
7653,-148.0
7654,-152.0
7655,-151.0
7656,-182.0
7657,-162.0
7658,-143.0
7659,-168.0
7660,-182.0
7661,-153.0
7662,-183.0
7663,-180.0
7664,-145.0
7665,-153.0
7666,-156.0
7667,-200.0
7668,-200.0
7669,-200.0
7670,-200.0
7671,-200.0
7672,-200.0
7673,-200.0
7674,-154.0
7675,-200.0
7676,-152.0
7677,-200.0
7678,-172.0
7679,-148.0
7680,-200.0
7681,-200.0
7682,-167.0
7683,-200.0
7684,-165.0
7685,-166.0
7686,-151.0
7687,-140.0
7688,-187.0
7689,-168.0
7690,-153.0
7691,-145.0
7692,-200.0
7693,-151.0
7694,-200.0
7695,-200.0
7696,-200.0
7697,-200.0
7698,-164.0
7699,-144.0
7700,-188.0
7701,-180.0
7702,-156.0
7703,-198.0
7704,-148.0
7705,-185.0
7706,-188.0
7707,-196.0
7708,-175.0
7709,-162.0
7710,-174.0
7711,-200.0
7712,-187.0
7713,-193.0
7714,-181.0
7715,-153.0
7716,-200.0
7717,-192.0
7718,-180.0
7719,-146.0
7720,-195.0
7721,-187.0
7722,-158.0
7723,-154.0
7724,-200.0
7725,-198.0
7726,-200.0
7727,-169.0
7728,-136.0
7729,-199.0
7730,-161.0
7731,-152.0
7732,-200.0
7733,-200.0
7734,-200.0
7735,-150.0
7736,-145.0
7737,-191.0
7738,-164.0
7739,-144.0
7740,-137.0
7741,-149.0
7742,-158.0
7743,-152.0
7744,-158.0
7745,-150.0
7746,-189.0
7747,-164.0
7748,-137.0
7749,-119.0
7750,-146.0
7751,-147.0
7752,-166.0
7753,-184.0
7754,-196.0
7755,-192.0
7756,-152.0
7757,-159.0
7758,-198.0
7759,-189.0
7760,-146.0
7761,-187.0
7762,-149.0
7763,-151.0
7764,-157.0
7765,-141.0
7766,-192.0
7767,-193.0
7768,-150.0
7769,-149.0
7770,-192.0
7771,-185.0
7772,-150.0
7773,-191.0
7774,-157.0
7775,-189.0
7776,-149.0
7777,-155.0
7778,-189.0
7779,-158.0
7780,-152.0
7781,-192.0
7782,-156.0
7783,-195.0
7784,-195.0
7785,-196.0
7786,-191.0
7787,-155.0
7788,-153.0
7789,-197.0
7790,-194.0
7791,-193.0
7792,-190.0
7793,-148.0
7794,-149.0
7795,-157.0
7796,-195.0
7797,-156.0
7798,-154.0
7799,-151.0
7800,-154.0
7801,-200.0
7802,-150.0
7803,-193.0
7804,-153.0
7805,-143.0
7806,-194.0
7807,-200.0
7808,-196.0
7809,-147.0
7810,-199.0
7811,-195.0
7812,-196.0
7813,-151.0
7814,-150.0
7815,-200.0
7816,-200.0
7817,-197.0
7818,-154.0
7819,-200.0
7820,-158.0
7821,-200.0
7822,-132.0
7823,-162.0
7824,-155.0
7825,-150.0
7826,-156.0
7827,-190.0
7828,-164.0
7829,-200.0
7830,-144.0
7831,-197.0
7832,-200.0
7833,-200.0
7834,-192.0
7835,-196.0
7836,-159.0
7837,-152.0
7838,-199.0
7839,-193.0
7840,-145.0
7841,-195.0
7842,-166.0
7843,-160.0
7844,-200.0
7845,-127.0
7846,-164.0
7847,-150.0
7848,-200.0
7849,-152.0
7850,-158.0
7851,-157.0
7852,-200.0
7853,-164.0
7854,-150.0
7855,-164.0
7856,-152.0
7857,-167.0
7858,-153.0
7859,-150.0
7860,-148.0
7861,-152.0
7862,-143.0
7863,-191.0
7864,-200.0
7865,-189.0
7866,-158.0
7867,-172.0
7868,-155.0
7869,-188.0
7870,-188.0
7871,-171.0
7872,-196.0
7873,-189.0
7874,-191.0
7875,-189.0
7876,-192.0
7877,-196.0
7878,-147.0
7879,-163.0
7880,-173.0
7881,-164.0
7882,-162.0
7883,-161.0
7884,-192.0
7885,-166.0
7886,-195.0
7887,-146.0
7888,-197.0
7889,-196.0
7890,-160.0
7891,-186.0
7892,-189.0
7893,-192.0
7894,-162.0
7895,-193.0
7896,-169.0
7897,-161.0
7898,-186.0
7899,-159.0
7900,-148.0
7901,-191.0
7902,-188.0
7903,-191.0
7904,-158.0
7905,-163.0
7906,-160.0
7907,-192.0
7908,-193.0
7909,-195.0
7910,-188.0
7911,-192.0
7912,-181.0
7913,-165.0
7914,-156.0
7915,-160.0
7916,-169.0
7917,-175.0
7918,-142.0
7919,-147.0
7920,-156.0
7921,-176.0
7922,-156.0
7923,-160.0
7924,-178.0
7925,-170.0
7926,-168.0
7927,-174.0
7928,-182.0
7929,-157.0
7930,-178.0
7931,-156.0
7932,-187.0
7933,-157.0
7934,-190.0
7935,-172.0
7936,-176.0
7937,-176.0
7938,-172.0
7939,-150.0
7940,-152.0
7941,-175.0
7942,-151.0
7943,-154.0
7944,-171.0
7945,-152.0
7946,-153.0
7947,-154.0
7948,-171.0
7949,-151.0
7950,-159.0
7951,-158.0
7952,-176.0
7953,-168.0
7954,-173.0
7955,-141.0
7956,-174.0
7957,-151.0
7958,-177.0
7959,-158.0
7960,-154.0
7961,-172.0
7962,-157.0
7963,-168.0
7964,-165.0
7965,-155.0
7966,-150.0
7967,-169.0
7968,-167.0
7969,-153.0
7970,-151.0
7971,-162.0
7972,-169.0
7973,-166.0
7974,-153.0
7975,-154.0
7976,-146.0
7977,-155.0
7978,-144.0
7979,-145.0
7980,-152.0
7981,-154.0
7982,-146.0
7983,-192.0
7984,-148.0
7985,-148.0
7986,-153.0
7987,-169.0
7988,-146.0
7989,-149.0
7990,-145.0
7991,-144.0
7992,-170.0
7993,-147.0
7994,-157.0
7995,-146.0
7996,-150.0
7997,-200.0
7998,-145.0
7999,-144.0
8000,-147.0
8001,-149.0
8002,-146.0
8003,-145.0
8004,-145.0
8005,-145.0
8006,-173.0
8007,-157.0
8008,-172.0
8009,-147.0
8010,-140.0
8011,-157.0
8012,-143.0
8013,-147.0
8014,-144.0
8015,-143.0
8016,-149.0
8017,-147.0
8018,-160.0
8019,-146.0
8020,-139.0
8021,-155.0
8022,-169.0
8023,-178.0
8024,-167.0
8025,-167.0
8026,-184.0
8027,-185.0
8028,-143.0
8029,-164.0
8030,-181.0
8031,-168.0
8032,-144.0
8033,-165.0
8034,-148.0
8035,-144.0
8036,-183.0
8037,-143.0
8038,-184.0
8039,-145.0
8040,-151.0
8041,-185.0
8042,-141.0
8043,-161.0
8044,-145.0
8045,-152.0
8046,-159.0
8047,-175.0
8048,-153.0
8049,-171.0
8050,-177.0
8051,-168.0
8052,-173.0
8053,-173.0
8054,-199.0
8055,-156.0
8056,-172.0
8057,-154.0
8058,-170.0
8059,-148.0
8060,-149.0
8061,-149.0
8062,-147.0
8063,-153.0
8064,-168.0
8065,-165.0
8066,-148.0
8067,-154.0
8068,-169.0
8069,-176.0
8070,-147.0
8071,-162.0
8072,-152.0
8073,-150.0
8074,-147.0
8075,-160.0
8076,-146.0
8077,-200.0
8078,-148.0
8079,-151.0
8080,-144.0
8081,-178.0
8082,-148.0
8083,-151.0
8084,-149.0
8085,-145.0
8086,-151.0
8087,-200.0
8088,-151.0
8089,-200.0
8090,-179.0
8091,-191.0
8092,-153.0
8093,-163.0
8094,-188.0
8095,-149.0
8096,-155.0
8097,-157.0
8098,-150.0
8099,-154.0
8100,-149.0
8101,-149.0
8102,-186.0
8103,-200.0
8104,-180.0
8105,-163.0
8106,-184.0
8107,-182.0
8108,-155.0
8109,-150.0
8110,-151.0
8111,-158.0
8112,-148.0
8113,-137.0
8114,-144.0
8115,-141.0
8116,-150.0
8117,-152.0
8118,-137.0
8119,-145.0
8120,-142.0
8121,-143.0
8122,-181.0
8123,-143.0
8124,-136.0
8125,-142.0
8126,-144.0
8127,-146.0
8128,-191.0
8129,-139.0
8130,-200.0
8131,-200.0
8132,-174.0
8133,-144.0
8134,-148.0
8135,-140.0
8136,-143.0
8137,-200.0
8138,-149.0
8139,-146.0
8140,-200.0
8141,-152.0
8142,-182.0
8143,-147.0
8144,-179.0
8145,-200.0
8146,-152.0
8147,-200.0
8148,-156.0
8149,-200.0
8150,-200.0
8151,-166.0
8152,-149.0
8153,-147.0
8154,-146.0
8155,-147.0
8156,-150.0
8157,-147.0
8158,-154.0
8159,-145.0
8160,-150.0
8161,-146.0
8162,-155.0
8163,-143.0
8164,-152.0
8165,-145.0
8166,-159.0
8167,-149.0
8168,-164.0
8169,-200.0
8170,-200.0
8171,-157.0
8172,-200.0
8173,-156.0
8174,-150.0
8175,-139.0
8176,-140.0
8177,-142.0
8178,-144.0
8179,-138.0
8180,-137.0
8181,-156.0
8182,-148.0
8183,-193.0
8184,-150.0
8185,-151.0
8186,-146.0
8187,-141.0
8188,-139.0
8189,-140.0
8190,-142.0
8191,-139.0
8192,-150.0
8193,-142.0
8194,-147.0
8195,-195.0
8196,-150.0
8197,-200.0
8198,-141.0
8199,-195.0
8200,-154.0
8201,-151.0
8202,-159.0
8203,-153.0
8204,-150.0
8205,-153.0
8206,-144.0
8207,-151.0
8208,-154.0
8209,-152.0
8210,-152.0
8211,-156.0
8212,-148.0
8213,-139.0
8214,-151.0
8215,-144.0
8216,-146.0
8217,-143.0
8218,-138.0
8219,-148.0
8220,-151.0
8221,-159.0
8222,-154.0
8223,-152.0
8224,-118.0
8225,-140.0
8226,-154.0
8227,-152.0
8228,-158.0
8229,-156.0
8230,-150.0
8231,-143.0
8232,-157.0
8233,-149.0
8234,-117.0
8235,-148.0
8236,-142.0
8237,-149.0
8238,-139.0
8239,-120.0
8240,-142.0
8241,-136.0
8242,-140.0
8243,-139.0
8244,-140.0
8245,-147.0
8246,-144.0
8247,-142.0
8248,-156.0
8249,-150.0
8250,-151.0
8251,-117.0
8252,-151.0
8253,-143.0
8254,-200.0
8255,-145.0
8256,-147.0
8257,-147.0
8258,-145.0
8259,-144.0
8260,-153.0
8261,-155.0
8262,-151.0
8263,-142.0
8264,-158.0
8265,-144.0
8266,-152.0
8267,-147.0
8268,-152.0
8269,-144.0
8270,-142.0
8271,-142.0
8272,-155.0
8273,-145.0
8274,-142.0
8275,-148.0
8276,-145.0
8277,-145.0
8278,-147.0
8279,-147.0
8280,-154.0
8281,-161.0
8282,-164.0
8283,-145.0
8284,-157.0
8285,-151.0
8286,-147.0
8287,-146.0
8288,-152.0
8289,-143.0
8290,-158.0
8291,-146.0
8292,-146.0
8293,-143.0
8294,-155.0
8295,-148.0
8296,-143.0
8297,-117.0
8298,-142.0
8299,-153.0
8300,-143.0
8301,-147.0
8302,-158.0
8303,-159.0
8304,-118.0
8305,-150.0
8306,-153.0
8307,-162.0
8308,-153.0
8309,-158.0
8310,-149.0
8311,-153.0
8312,-163.0
8313,-158.0
8314,-148.0
8315,-151.0
8316,-194.0
8317,-200.0
8318,-200.0
8319,-165.0
8320,-152.0
8321,-151.0
8322,-156.0
8323,-170.0
8324,-151.0
8325,-150.0
8326,-200.0
8327,-200.0
8328,-200.0
8329,-157.0
8330,-164.0
8331,-157.0
8332,-163.0
8333,-143.0
8334,-200.0
8335,-159.0
8336,-200.0
8337,-200.0
8338,-161.0
8339,-200.0
8340,-158.0
8341,-153.0
8342,-139.0
8343,-186.0
8344,-162.0
8345,-200.0
8346,-146.0
8347,-178.0
8348,-143.0
8349,-157.0
8350,-141.0
8351,-122.0
8352,-143.0
8353,-160.0
8354,-120.0
8355,-147.0
8356,-139.0
8357,-143.0
8358,-148.0
8359,-144.0
8360,-144.0
8361,-156.0
8362,-156.0
8363,-161.0
8364,-144.0
8365,-170.0
8366,-142.0
8367,-162.0
8368,-145.0
8369,-146.0
8370,-158.0
8371,-150.0
8372,-147.0
8373,-164.0
8374,-158.0
8375,-200.0
8376,-161.0
8377,-165.0
8378,-200.0
8379,-158.0
8380,-150.0
8381,-130.0
8382,-158.0
8383,-158.0
8384,-150.0
8385,-161.0
8386,-148.0
8387,-200.0
8388,-142.0
8389,-146.0
8390,-150.0
8391,-148.0
8392,-150.0
8393,-200.0
8394,-200.0
8395,-200.0
8396,-152.0
8397,-200.0
8398,-146.0
8399,-200.0
8400,-159.0
8401,-200.0
8402,-200.0
8403,-143.0
8404,-200.0
8405,-118.0
8406,-200.0
8407,-149.0
8408,-117.0
8409,-155.0
8410,-159.0
8411,-153.0
8412,-200.0
8413,-200.0
8414,-153.0
8415,-200.0
8416,-200.0
8417,-153.0
8418,-200.0
8419,-167.0
8420,-146.0
8421,-200.0
8422,-200.0
8423,-145.0
8424,-153.0
8425,-162.0
8426,-162.0
8427,-200.0
8428,-166.0
8429,-151.0
8430,-200.0
8431,-200.0
8432,-200.0
8433,-200.0
8434,-119.0
8435,-154.0
8436,-155.0
8437,-153.0
8438,-172.0
8439,-116.0
8440,-146.0
8441,-161.0
8442,-149.0
8443,-159.0
8444,-147.0
8445,-165.0
8446,-147.0
8447,-164.0
8448,-155.0
8449,-171.0
8450,-200.0
8451,-149.0
8452,-147.0
8453,-146.0
8454,-161.0
8455,-145.0
8456,-149.0
8457,-160.0
8458,-157.0
8459,-200.0
8460,-166.0
8461,-123.0
8462,-146.0
8463,-147.0
8464,-164.0
8465,-160.0
8466,-144.0
8467,-153.0
8468,-152.0
8469,-163.0
8470,-150.0
8471,-145.0
8472,-161.0
8473,-163.0
8474,-146.0
8475,-149.0
8476,-118.0
8477,-167.0
8478,-151.0
8479,-144.0
8480,-158.0
8481,-142.0
8482,-144.0
8483,-142.0
8484,-155.0
8485,-169.0
8486,-144.0
8487,-147.0
8488,-152.0
8489,-150.0
8490,-119.0
8491,-169.0
8492,-165.0
8493,-154.0
8494,-149.0
8495,-166.0
8496,-149.0
8497,-147.0
8498,-151.0
8499,-200.0
8500,-150.0
8501,-172.0
8502,-181.0
8503,-116.0
8504,-162.0
8505,-162.0
8506,-160.0
8507,-157.0
8508,-150.0
8509,-164.0
8510,-122.0
8511,-122.0
8512,-200.0
8513,-155.0
8514,-159.0
8515,-200.0
8516,-152.0
8517,-150.0
8518,-144.0
8519,-162.0
8520,-163.0
8521,-165.0
8522,-158.0
8523,-163.0
8524,-144.0
8525,-164.0
8526,-170.0
8527,-122.0
8528,-143.0
8529,-162.0
8530,-149.0
8531,-152.0
8532,-117.0
8533,-121.0
8534,-150.0
8535,-157.0
8536,-150.0
8537,-152.0
8538,-121.0
8539,-149.0
8540,-144.0
8541,-163.0
8542,-143.0
8543,-143.0
8544,-143.0
8545,-141.0
8546,-143.0
8547,-144.0
8548,-162.0
8549,-161.0
8550,-160.0
8551,-158.0
8552,-160.0
8553,-140.0
8554,-158.0
8555,-139.0
8556,-142.0
8557,-139.0
8558,-117.0
8559,-142.0
8560,-158.0
8561,-162.0
8562,-152.0
8563,-117.0
8564,-140.0
8565,-161.0
8566,-144.0
8567,-164.0
8568,-121.0
8569,-158.0
8570,-143.0
8571,-160.0
8572,-142.0
8573,-159.0
8574,-160.0
8575,-155.0
8576,-161.0
8577,-166.0
8578,-141.0
8579,-118.0
8580,-139.0
8581,-139.0
8582,-165.0
8583,-140.0
8584,-142.0
8585,-141.0
8586,-143.0
8587,-139.0
8588,-153.0
8589,-139.0
8590,-142.0
8591,-141.0
8592,-163.0
8593,-165.0
8594,-160.0
8595,-162.0
8596,-160.0
8597,-142.0
8598,-118.0
8599,-149.0
8600,-157.0
8601,-137.0
8602,-115.0
8603,-158.0
8604,-159.0
8605,-160.0
8606,-146.0
8607,-142.0
8608,-138.0
8609,-139.0
8610,-116.0
8611,-163.0
8612,-142.0
8613,-116.0
8614,-138.0
8615,-139.0
8616,-163.0
8617,-161.0
8618,-151.0
8619,-162.0
8620,-161.0
8621,-138.0
8622,-138.0
8623,-139.0
8624,-140.0
8625,-156.0
8626,-149.0
8627,-146.0
8628,-164.0
8629,-166.0
8630,-143.0
8631,-141.0
8632,-117.0
8633,-141.0
8634,-140.0
8635,-140.0
8636,-162.0
8637,-163.0
8638,-140.0
8639,-141.0
8640,-156.0
8641,-156.0
8642,-139.0
8643,-142.0
8644,-144.0
8645,-139.0
8646,-159.0
8647,-141.0
8648,-118.0
8649,-140.0
8650,-142.0
8651,-152.0
8652,-161.0
8653,-115.0
8654,-141.0
8655,-115.0
8656,-157.0
8657,-159.0
8658,-159.0
8659,-156.0
8660,-145.0
8661,-141.0
8662,-155.0
8663,-116.0
8664,-156.0
8665,-150.0
8666,-154.0
8667,-149.0
8668,-152.0
8669,-142.0
8670,-159.0
8671,-140.0
8672,-115.0
8673,-141.0
8674,-157.0
8675,-153.0
8676,-156.0
8677,-153.0
8678,-156.0
8679,-140.0
8680,-145.0
8681,-159.0
8682,-154.0
8683,-142.0
8684,-141.0
8685,-152.0
8686,-159.0
8687,-165.0
8688,-142.0
8689,-162.0
8690,-143.0
8691,-156.0
8692,-142.0
8693,-132.0
8694,-156.0
8695,-139.0
8696,-166.0
8697,-166.0
8698,-142.0
8699,-161.0
8700,-161.0
8701,-139.0
8702,-142.0
8703,-159.0
8704,-160.0
8705,-140.0
8706,-150.0
8707,-157.0
8708,-141.0
8709,-158.0
8710,-149.0
8711,-145.0
8712,-141.0
8713,-149.0
8714,-141.0
8715,-154.0
8716,-159.0
8717,-139.0
8718,-152.0
8719,-163.0
8720,-159.0
8721,-141.0
8722,-139.0
8723,-118.0
8724,-139.0
8725,-149.0
8726,-141.0
8727,-160.0
8728,-116.0
8729,-140.0
8730,-160.0
8731,-143.0
8732,-140.0
8733,-158.0
8734,-152.0
8735,-143.0
8736,-153.0
8737,-146.0
8738,-161.0
8739,-172.0
8740,-117.0
8741,-142.0
8742,-143.0
8743,-161.0
8744,-159.0
8745,-139.0
8746,-165.0
8747,-168.0
8748,-168.0
8749,-145.0
8750,-169.0
8751,-167.0
8752,-160.0
8753,-139.0
8754,-117.0
8755,-143.0
8756,-140.0
8757,-140.0
8758,-169.0
8759,-138.0
8760,-146.0
8761,-140.0
8762,-153.0
8763,-140.0
8764,-161.0
8765,-166.0
8766,-139.0
8767,-145.0
8768,-136.0
8769,-167.0
8770,-161.0
8771,-158.0
8772,-158.0
8773,-160.0
8774,-117.0
8775,-142.0
8776,-115.0
8777,-148.0
8778,-116.0
8779,-154.0
8780,-162.0
8781,-142.0
8782,-161.0
8783,-160.0
8784,-157.0
8785,-156.0
8786,-166.0
8787,-139.0
8788,-116.0
8789,-142.0
8790,-140.0
8791,-147.0
8792,-138.0
8793,-152.0
8794,-145.0
8795,-169.0
8796,-145.0
8797,-142.0
8798,-160.0
8799,-166.0
8800,-149.0
8801,-152.0
8802,-144.0
8803,-116.0
8804,-143.0
8805,-161.0
8806,-154.0
8807,-162.0
8808,-143.0
8809,-167.0
8810,-139.0
8811,-142.0
8812,-144.0
8813,-162.0
8814,-150.0
8815,-162.0
8816,-163.0
8817,-140.0
8818,-139.0
8819,-142.0
8820,-160.0
8821,-142.0
8822,-164.0
8823,-161.0
8824,-141.0
8825,-151.0
8826,-142.0
8827,-142.0
8828,-116.0
8829,-157.0
8830,-148.0
8831,-142.0
8832,-155.0
8833,-146.0
8834,-140.0
8835,-153.0
8836,-162.0
8837,-144.0
8838,-164.0
8839,-144.0
8840,-151.0
8841,-138.0
8842,-144.0
8843,-161.0
8844,-145.0
8845,-157.0
8846,-144.0
8847,-156.0
8848,-143.0
8849,-149.0
8850,-145.0
8851,-151.0
8852,-161.0
8853,-147.0
8854,-147.0
8855,-117.0
8856,-148.0
8857,-142.0
8858,-145.0
8859,-143.0
8860,-148.0
8861,-153.0
8862,-143.0
8863,-143.0
8864,-144.0
8865,-141.0
8866,-138.0
8867,-147.0
8868,-144.0
8869,-145.0
8870,-141.0
8871,-142.0
8872,-139.0
8873,-143.0
8874,-146.0
8875,-141.0
8876,-152.0
8877,-154.0
8878,-147.0
8879,-149.0
8880,-142.0
8881,-141.0
8882,-147.0
8883,-141.0
8884,-142.0
8885,-200.0
8886,-116.0
8887,-151.0
8888,-147.0
8889,-143.0
8890,-139.0
8891,-140.0
8892,-142.0
8893,-140.0
8894,-143.0
8895,-144.0
8896,-143.0
8897,-140.0
8898,-141.0
8899,-147.0
8900,-117.0
8901,-145.0
8902,-149.0
8903,-119.0
8904,-144.0
8905,-118.0
8906,-146.0
8907,-146.0
8908,-146.0
8909,-142.0
8910,-148.0
8911,-147.0
8912,-140.0
8913,-148.0
8914,-143.0
8915,-144.0
8916,-145.0
8917,-145.0
8918,-145.0
8919,-141.0
8920,-146.0
8921,-144.0
8922,-145.0
8923,-145.0
8924,-151.0
8925,-158.0
8926,-150.0
8927,-145.0
8928,-145.0
8929,-145.0
8930,-145.0
8931,-146.0
8932,-144.0
8933,-145.0
8934,-144.0
8935,-147.0
8936,-146.0
8937,-143.0
8938,-144.0
8939,-143.0
8940,-140.0
8941,-156.0
8942,-142.0
8943,-146.0
8944,-155.0
8945,-147.0
8946,-146.0
8947,-145.0
8948,-153.0
8949,-147.0
8950,-146.0
8951,-145.0
8952,-119.0
8953,-153.0
8954,-143.0
8955,-151.0
8956,-149.0
8957,-142.0
8958,-119.0
8959,-145.0
8960,-153.0
8961,-120.0
8962,-148.0
8963,-141.0
8964,-143.0
8965,-146.0
8966,-144.0
8967,-151.0
8968,-149.0
8969,-144.0
8970,-143.0
8971,-144.0
8972,-146.0
8973,-147.0
8974,-142.0
8975,-122.0
8976,-146.0
8977,-142.0
8978,-200.0
8979,-166.0
8980,-152.0
8981,-200.0
8982,-165.0
8983,-146.0
8984,-142.0
8985,-140.0
8986,-145.0
8987,-119.0
8988,-181.0
8989,-188.0
8990,-155.0
8991,-152.0
8992,-117.0
8993,-174.0
8994,-121.0
8995,-154.0
8996,-147.0
8997,-150.0
8998,-117.0
8999,-144.0
9000,-120.0
9001,-146.0
9002,-145.0
9003,-151.0
9004,-120.0
9005,-115.0
9006,-144.0
9007,-150.0
9008,-117.0
9009,-117.0
9010,-120.0
9011,-151.0
9012,-141.0
9013,-119.0
9014,-152.0
9015,-146.0
9016,-146.0
9017,-123.0
9018,-120.0
9019,-117.0
9020,-118.0
9021,-120.0
9022,-152.0
9023,-120.0
9024,-146.0
9025,-116.0
9026,-120.0
9027,-148.0
9028,-145.0
9029,-117.0
9030,-116.0
9031,-162.0
9032,-119.0
9033,-148.0
9034,-148.0
9035,-116.0
9036,-143.0
9037,-118.0
9038,-117.0
9039,-117.0
9040,-143.0
9041,-118.0
9042,-146.0
9043,-152.0
9044,-145.0
9045,-154.0
9046,-153.0
9047,-151.0
9048,-155.0
9049,-163.0
9050,-151.0
9051,-118.0
9052,-155.0
9053,-151.0
9054,-154.0
9055,-158.0
9056,-117.0
9057,-156.0
9058,-118.0
9059,-155.0
9060,-120.0
9061,-116.0
9062,-122.0
9063,-163.0
9064,-176.0
9065,-121.0
9066,-116.0
9067,-160.0
9068,-120.0
9069,-119.0
9070,-154.0
9071,-118.0
9072,-117.0
9073,-158.0
9074,-165.0
9075,-157.0
9076,-179.0
9077,-118.0
9078,-123.0
9079,-119.0
9080,-173.0
9081,-116.0
9082,-156.0
9083,-117.0
9084,-115.0
9085,-117.0
9086,-118.0
9087,-117.0
9088,-165.0
9089,-160.0
9090,-120.0
9091,-117.0
9092,-171.0
9093,-121.0
9094,-122.0
9095,-162.0
9096,-122.0
9097,-120.0
9098,-117.0
9099,-117.0
9100,-119.0
9101,-119.0
9102,-159.0
9103,-163.0
9104,-172.0
9105,-151.0
9106,-116.0
9107,-149.0
9108,-151.0
9109,-149.0
9110,-116.0
9111,-147.0
9112,-153.0
9113,-148.0
9114,-147.0
9115,-153.0
9116,-168.0
9117,-118.0
9118,-118.0
9119,-149.0
9120,-163.0
9121,-157.0
9122,-154.0
9123,-200.0
9124,-118.0
9125,-153.0
9126,-156.0
9127,-150.0
9128,-155.0
9129,-115.0
9130,-157.0
9131,-120.0
9132,-121.0
9133,-118.0
9134,-118.0
9135,-161.0
9136,-117.0
9137,-155.0
9138,-119.0
9139,-117.0
9140,-117.0
9141,-117.0
9142,-152.0
9143,-121.0
9144,-168.0
9145,-154.0
9146,-119.0
9147,-119.0
9148,-154.0
9149,-117.0
9150,-153.0
9151,-153.0
9152,-153.0
9153,-117.0
9154,-118.0
9155,-117.0
9156,-116.0
9157,-154.0
9158,-118.0
9159,-158.0
9160,-120.0
9161,-164.0
9162,-119.0
9163,-155.0
9164,-151.0
9165,-142.0
9166,-150.0
9167,-166.0
9168,-152.0
9169,-154.0
9170,-121.0
9171,-118.0
9172,-154.0
9173,-118.0
9174,-117.0
9175,-117.0
9176,-153.0
9177,-155.0
9178,-154.0
9179,-163.0
9180,-161.0
9181,-156.0
9182,-117.0
9183,-118.0
9184,-162.0
9185,-117.0
9186,-118.0
9187,-117.0
9188,-155.0
9189,-118.0
9190,-154.0
9191,-119.0
9192,-158.0
9193,-118.0
9194,-121.0
9195,-155.0
9196,-155.0
9197,-118.0
9198,-118.0
9199,-158.0
9200,-120.0
9201,-120.0
9202,-158.0
9203,-117.0
9204,-162.0
9205,-200.0
9206,-153.0
9207,-117.0
9208,-154.0
9209,-129.0
9210,-122.0
9211,-154.0
9212,-163.0
9213,-153.0
9214,-153.0
9215,-151.0
9216,-162.0
9217,-118.0
9218,-117.0
9219,-169.0
9220,-119.0
9221,-118.0
9222,-117.0
9223,-154.0
9224,-135.0
9225,-154.0
9226,-175.0
9227,-161.0
9228,-158.0
9229,-116.0
9230,-156.0
9231,-121.0
9232,-117.0
9233,-155.0
9234,-154.0
9235,-121.0
9236,-117.0
9237,-117.0
9238,-116.0
9239,-154.0
9240,-200.0
9241,-154.0
9242,-116.0
9243,-118.0
9244,-154.0
9245,-156.0
9246,-118.0
9247,-117.0
9248,-151.0
9249,-156.0
9250,-154.0
9251,-152.0
9252,-155.0
9253,-166.0
9254,-155.0
9255,-117.0
9256,-158.0
9257,-117.0
9258,-155.0
9259,-117.0
9260,-175.0
9261,-177.0
9262,-154.0
9263,-119.0
9264,-118.0
9265,-156.0
9266,-172.0
9267,-159.0
9268,-118.0
9269,-166.0
9270,-157.0
9271,-154.0
9272,-154.0
9273,-118.0
9274,-156.0
9275,-155.0
9276,-152.0
9277,-156.0
9278,-150.0
9279,-154.0
9280,-153.0
9281,-169.0
9282,-153.0
9283,-153.0
9284,-157.0
9285,-118.0
9286,-154.0
9287,-150.0
9288,-117.0
9289,-148.0
9290,-120.0
9291,-117.0
9292,-151.0
9293,-159.0
9294,-116.0
9295,-152.0
9296,-118.0
9297,-151.0
9298,-127.0
9299,-150.0
9300,-117.0
9301,-150.0
9302,-150.0
9303,-119.0
9304,-117.0
9305,-149.0
9306,-117.0
9307,-150.0
9308,-117.0
9309,-115.0
9310,-166.0
9311,-167.0
9312,-117.0
9313,-118.0
9314,-149.0
9315,-169.0
9316,-118.0
9317,-147.0
9318,-123.0
9319,-149.0
9320,-123.0
9321,-118.0
9322,-151.0
9323,-152.0
9324,-118.0
9325,-117.0
9326,-149.0
9327,-117.0
9328,-157.0
9329,-164.0
9330,-150.0
9331,-150.0
9332,-150.0
9333,-149.0
9334,-149.0
9335,-120.0
9336,-151.0
9337,-153.0
9338,-149.0
9339,-156.0
9340,-151.0
9341,-148.0
9342,-158.0
9343,-167.0
9344,-116.0
9345,-118.0
9346,-151.0
9347,-119.0
9348,-118.0
9349,-118.0
9350,-118.0
9351,-167.0
9352,-116.0
9353,-150.0
9354,-147.0
9355,-148.0
9356,-148.0
9357,-148.0
9358,-161.0
9359,-148.0
9360,-149.0
9361,-148.0
9362,-149.0
9363,-149.0
9364,-150.0
9365,-120.0
9366,-122.0
9367,-149.0
9368,-122.0
9369,-148.0
9370,-167.0
9371,-149.0
9372,-150.0
9373,-162.0
9374,-116.0
9375,-200.0
9376,-150.0
9377,-149.0
9378,-148.0
9379,-117.0
9380,-148.0
9381,-135.0
9382,-146.0
9383,-116.0
9384,-117.0
9385,-148.0
9386,-166.0
9387,-152.0
9388,-148.0
9389,-122.0
9390,-121.0
9391,-117.0
9392,-118.0
9393,-123.0
9394,-158.0
9395,-150.0
9396,-160.0
9397,-150.0
9398,-118.0
9399,-156.0
9400,-118.0
9401,-122.0
9402,-117.0
9403,-118.0
9404,-116.0
9405,-164.0
9406,-149.0
9407,-117.0
9408,-117.0
9409,-121.0
9410,-147.0
9411,-117.0
9412,-148.0
9413,-149.0
9414,-155.0
9415,-122.0
9416,-122.0
9417,-116.0
9418,-115.0
9419,-149.0
9420,-148.0
9421,-149.0
9422,-147.0
9423,-152.0
9424,-149.0
9425,-169.0
9426,-149.0
9427,-188.0
9428,-149.0
9429,-117.0
9430,-117.0
9431,-116.0
9432,-120.0
9433,-122.0
9434,-149.0
9435,-119.0
9436,-123.0
9437,-120.0
9438,-118.0
9439,-156.0
9440,-121.0
9441,-150.0
9442,-115.0
9443,-116.0
9444,-130.0
9445,-151.0
9446,-171.0
9447,-116.0
9448,-117.0
9449,-116.0
9450,-115.0
9451,-117.0
9452,-148.0
9453,-148.0
9454,-116.0
9455,-171.0
9456,-151.0
9457,-149.0
9458,-119.0
9459,-149.0
9460,-166.0
9461,-117.0
9462,-125.0
9463,-117.0
9464,-170.0
9465,-153.0
9466,-166.0
9467,-149.0
9468,-122.0
9469,-117.0
9470,-118.0
9471,-167.0
9472,-151.0
9473,-118.0
9474,-168.0
9475,-122.0
9476,-168.0
9477,-118.0
9478,-153.0
9479,-131.0
9480,-116.0
9481,-171.0
9482,-153.0
9483,-153.0
9484,-116.0
9485,-118.0
9486,-119.0
9487,-156.0
9488,-151.0
9489,-164.0
9490,-171.0
9491,-154.0
9492,-119.0
9493,-117.0
9494,-117.0
9495,-151.0
9496,-117.0
9497,-122.0
9498,-153.0
9499,-152.0
9500,-153.0
9501,-154.0
9502,-116.0
9503,-153.0
9504,-116.0
9505,-157.0
9506,-152.0
9507,-116.0
9508,-117.0
9509,-150.0
9510,-152.0
9511,-115.0
9512,-117.0
9513,-150.0
9514,-134.0
9515,-152.0
9516,-116.0
9517,-170.0
9518,-118.0
9519,-156.0
9520,-180.0
9521,-156.0
9522,-149.0
9523,-150.0
9524,-119.0
9525,-170.0
9526,-120.0
9527,-147.0
9528,-118.0
9529,-118.0
9530,-162.0
9531,-148.0
9532,-120.0
9533,-150.0
9534,-148.0
9535,-151.0
9536,-118.0
9537,-117.0
9538,-148.0
9539,-167.0
9540,-151.0
9541,-121.0
9542,-165.0
9543,-149.0
9544,-117.0
9545,-166.0
9546,-148.0
9547,-161.0
9548,-149.0
9549,-116.0
9550,-117.0
9551,-114.0
9552,-156.0
9553,-117.0
9554,-150.0
9555,-119.0
9556,-148.0
9557,-148.0
9558,-116.0
9559,-149.0
9560,-151.0
9561,-118.0
9562,-125.0
9563,-119.0
9564,-151.0
9565,-118.0
9566,-116.0
9567,-150.0
9568,-154.0
9569,-118.0
9570,-116.0
9571,-163.0
9572,-123.0
9573,-117.0
9574,-152.0
9575,-171.0
9576,-117.0
9577,-200.0
9578,-172.0
9579,-118.0
9580,-118.0
9581,-153.0
9582,-154.0
9583,-116.0
9584,-117.0
9585,-152.0
9586,-117.0
9587,-169.0
9588,-152.0
9589,-155.0
9590,-151.0
9591,-147.0
9592,-145.0
9593,-124.0
9594,-116.0
9595,-121.0
9596,-149.0
9597,-154.0
9598,-154.0
9599,-168.0
9600,-121.0
9601,-155.0
9602,-123.0
9603,-115.0
9604,-152.0
9605,-161.0
9606,-155.0
9607,-147.0
9608,-152.0
9609,-152.0
9610,-116.0
9611,-161.0
9612,-146.0
9613,-145.0
9614,-116.0
9615,-116.0
9616,-117.0
9617,-145.0
9618,-143.0
9619,-165.0
9620,-144.0
9621,-116.0
9622,-148.0
9623,-150.0
9624,-154.0
9625,-118.0
9626,-116.0
9627,-116.0
9628,-146.0
9629,-144.0
9630,-146.0
9631,-144.0
9632,-147.0
9633,-152.0
9634,-117.0
9635,-119.0
9636,-123.0
9637,-117.0
9638,-120.0
9639,-115.0
9640,-119.0
9641,-144.0
9642,-118.0
9643,-146.0
9644,-147.0
9645,-149.0
9646,-116.0
9647,-145.0
9648,-148.0
9649,-151.0
9650,-118.0
9651,-153.0
9652,-157.0
9653,-117.0
9654,-146.0
9655,-120.0
9656,-167.0
9657,-153.0
9658,-166.0
9659,-140.0
9660,-145.0
9661,-116.0
9662,-116.0
9663,-151.0
9664,-167.0
9665,-150.0
9666,-147.0
9667,-164.0
9668,-144.0
9669,-116.0
9670,-117.0
9671,-150.0
9672,-116.0
9673,-148.0
9674,-117.0
9675,-118.0
9676,-118.0
9677,-117.0
9678,-121.0
9679,-153.0
9680,-116.0
9681,-119.0
9682,-118.0
9683,-147.0
9684,-117.0
9685,-121.0
9686,-122.0
9687,-115.0
9688,-143.0
9689,-116.0
9690,-164.0
9691,-121.0
9692,-118.0
9693,-118.0
9694,-124.0
9695,-148.0
9696,-149.0
9697,-118.0
9698,-169.0
9699,-150.0
9700,-153.0
9701,-163.0
9702,-119.0
9703,-116.0
9704,-145.0
9705,-115.0
9706,-146.0
9707,-161.0
9708,-116.0
9709,-117.0
9710,-115.0
9711,-151.0
9712,-116.0
9713,-116.0
9714,-119.0
9715,-121.0
9716,-144.0
9717,-121.0
9718,-146.0
9719,-145.0
9720,-115.0
9721,-147.0
9722,-149.0
9723,-120.0
9724,-119.0
9725,-155.0
9726,-116.0
9727,-163.0
9728,-163.0
9729,-163.0
9730,-154.0
9731,-146.0
9732,-151.0
9733,-116.0
9734,-117.0
9735,-150.0
9736,-152.0
9737,-155.0
9738,-120.0
9739,-118.0
9740,-144.0
9741,-147.0
9742,-117.0
9743,-146.0
9744,-118.0
9745,-200.0
9746,-122.0
9747,-118.0
9748,-116.0
9749,-147.0
9750,-119.0
9751,-146.0
9752,-116.0
9753,-152.0
9754,-148.0
9755,-125.0
9756,-117.0
9757,-146.0
9758,-124.0
9759,-118.0
9760,-121.0
9761,-146.0
9762,-158.0
9763,-116.0
9764,-118.0
9765,-145.0
9766,-143.0
9767,-143.0
9768,-124.0
9769,-148.0
9770,-143.0
9771,-147.0
9772,-156.0
9773,-115.0
9774,-156.0
9775,-117.0
9776,-121.0
9777,-148.0
9778,-150.0
9779,-148.0
9780,-116.0
9781,-145.0
9782,-145.0
9783,-144.0
9784,-145.0
9785,-146.0
9786,-163.0
9787,-152.0
9788,-144.0
9789,-149.0
9790,-120.0
9791,-118.0
9792,-152.0
9793,-119.0
9794,-117.0
9795,-121.0
9796,-118.0
9797,-145.0
9798,-149.0
9799,-149.0
9800,-116.0
9801,-117.0
9802,-152.0
9803,-153.0
9804,-148.0
9805,-160.0
9806,-158.0
9807,-118.0
9808,-156.0
9809,-116.0
9810,-148.0
9811,-162.0
9812,-165.0
9813,-120.0
9814,-172.0
9815,-159.0
9816,-117.0
9817,-116.0
9818,-162.0
9819,-118.0
9820,-117.0
9821,-117.0
9822,-119.0
9823,-141.0
9824,-167.0
9825,-162.0
9826,-165.0
9827,-118.0
9828,-122.0
9829,-116.0
9830,-145.0
9831,-155.0
9832,-122.0
9833,-118.0
9834,-120.0
9835,-147.0
9836,-115.0
9837,-154.0
9838,-115.0
9839,-155.0
9840,-123.0
9841,-163.0
9842,-119.0
9843,-119.0
9844,-154.0
9845,-152.0
9846,-152.0
9847,-161.0
9848,-119.0
9849,-153.0
9850,-154.0
9851,-154.0
9852,-118.0
9853,-154.0
9854,-136.0
9855,-150.0
9856,-139.0
9857,-144.0
9858,-115.0
9859,-161.0
9860,-117.0
9861,-166.0
9862,-155.0
9863,-122.0
9864,-115.0
9865,-154.0
9866,-117.0
9867,-115.0
9868,-115.0
9869,-159.0
9870,-152.0
9871,-146.0
9872,-155.0
9873,-153.0
9874,-157.0
9875,-140.0
9876,-152.0
9877,-177.0
9878,-152.0
9879,-154.0
9880,-170.0
9881,-155.0
9882,-121.0
9883,-121.0
9884,-138.0
9885,-155.0
9886,-151.0
9887,-117.0
9888,-161.0
9889,-116.0
9890,-168.0
9891,-151.0
9892,-148.0
9893,-137.0
9894,-145.0
9895,-131.0
9896,-151.0
9897,-121.0
9898,-118.0
9899,-158.0
9900,-117.0
9901,-121.0
9902,-151.0
9903,-150.0
9904,-122.0
9905,-116.0
9906,-117.0
9907,-118.0
9908,-163.0
9909,-123.0
9910,-117.0
9911,-166.0
9912,-149.0
9913,-151.0
9914,-117.0
9915,-139.0
9916,-150.0
9917,-160.0
9918,-117.0
9919,-160.0
9920,-153.0
9921,-118.0
9922,-152.0
9923,-156.0
9924,-152.0
9925,-117.0
9926,-154.0
9927,-156.0
9928,-120.0
9929,-138.0
9930,-143.0
9931,-159.0
9932,-162.0
9933,-117.0
9934,-150.0
9935,-117.0
9936,-155.0
9937,-152.0
9938,-155.0
9939,-152.0
9940,-138.0
9941,-157.0
9942,-139.0
9943,-116.0
9944,-154.0
9945,-155.0
9946,-153.0
9947,-118.0
9948,-117.0
9949,-152.0
9950,-156.0
9951,-162.0
9952,-118.0
9953,-168.0
9954,-154.0
9955,-116.0
9956,-137.0
9957,-123.0
9958,-163.0
9959,-165.0
9960,-167.0
9961,-116.0
9962,-151.0
9963,-137.0
9964,-141.0
9965,-117.0
9966,-117.0
9967,-118.0
9968,-137.0
9969,-121.0
9970,-116.0
9971,-135.0
9972,-159.0
9973,-145.0
9974,-122.0
9975,-165.0
9976,-121.0
9977,-118.0
9978,-118.0
9979,-163.0
9980,-164.0
9981,-173.0
9982,-118.0
9983,-164.0
9984,-163.0
9985,-158.0
9986,-121.0
9987,-118.0
9988,-120.0
9989,-161.0
9990,-158.0
9991,-145.0
9992,-159.0
9993,-117.0
9994,-160.0
9995,-158.0
9996,-119.0
9997,-116.0
9998,-159.0
9999,-117.0
10000,-174.0
10001,-161.0
10002,-117.0
10003,-133.0
10004,-115.0
10005,-118.0
10006,-117.0
10007,-158.0
10008,-160.0
10009,-154.0
10010,-116.0
10011,-117.0
10012,-123.0
10013,-117.0
10014,-170.0
10015,-161.0
10016,-117.0
10017,-138.0
10018,-115.0
10019,-158.0
10020,-122.0
10021,-117.0
10022,-174.0
10023,-173.0
10024,-175.0
10025,-115.0
10026,-159.0
10027,-116.0
10028,-159.0
10029,-161.0
10030,-157.0
10031,-121.0
10032,-121.0
10033,-160.0
10034,-116.0
10035,-147.0
10036,-157.0
10037,-160.0
10038,-169.0
10039,-117.0
10040,-117.0
10041,-159.0
10042,-138.0
10043,-157.0
10044,-169.0
10045,-145.0
10046,-158.0
10047,-137.0
10048,-121.0
10049,-117.0
10050,-170.0
10051,-115.0
10052,-116.0
10053,-137.0
10054,-118.0
10055,-140.0
10056,-173.0
10057,-116.0
10058,-117.0
10059,-116.0
10060,-116.0
10061,-119.0
10062,-171.0
10063,-115.0
10064,-122.0
10065,-118.0
10066,-171.0
10067,-162.0
10068,-117.0
10069,-146.0
10070,-117.0
10071,-141.0
10072,-161.0
10073,-135.0
10074,-121.0
10075,-116.0
10076,-117.0
10077,-117.0
10078,-117.0
10079,-118.0
10080,-158.0
10081,-117.0
10082,-116.0
10083,-159.0
10084,-137.0
10085,-159.0
10086,-121.0
10087,-169.0
10088,-117.0
10089,-147.0
10090,-159.0
10091,-169.0
10092,-157.0
10093,-116.0
10094,-160.0
10095,-117.0
10096,-161.0
10097,-162.0
10098,-115.0
10099,-161.0
10100,-159.0
10101,-117.0
10102,-158.0
10103,-116.0
10104,-130.0
10105,-139.0
10106,-146.0
10107,-118.0
10108,-165.0
10109,-160.0
10110,-167.0
10111,-120.0
10112,-162.0
10113,-157.0
10114,-148.0
10115,-122.0
10116,-159.0
10117,-171.0
10118,-122.0
10119,-167.0
10120,-164.0
10121,-123.0
10122,-169.0
10123,-161.0
10124,-156.0
10125,-116.0
10126,-157.0
10127,-165.0
10128,-139.0
10129,-117.0
10130,-116.0
10131,-117.0
10132,-117.0
10133,-157.0
10134,-157.0
10135,-163.0
10136,-123.0
10137,-123.0
10138,-157.0
10139,-163.0
10140,-117.0
10141,-162.0
10142,-170.0
10143,-118.0
10144,-117.0
10145,-166.0
10146,-157.0
10147,-119.0
10148,-144.0
10149,-119.0
10150,-118.0
10151,-157.0
10152,-170.0
10153,-119.0
10154,-170.0
10155,-159.0
10156,-117.0
10157,-117.0
10158,-118.0
10159,-157.0
10160,-120.0
10161,-137.0
10162,-162.0
10163,-142.0
10164,-118.0
10165,-159.0
10166,-160.0
10167,-159.0
10168,-158.0
10169,-116.0
10170,-171.0
10171,-158.0
10172,-160.0
10173,-121.0
10174,-116.0
10175,-118.0
10176,-116.0
10177,-156.0
10178,-157.0
10179,-124.0
10180,-118.0
10181,-163.0
10182,-165.0
10183,-169.0
10184,-145.0
10185,-117.0
10186,-160.0
10187,-155.0
10188,-157.0
10189,-155.0
10190,-117.0
10191,-158.0
10192,-117.0
10193,-116.0
10194,-158.0
10195,-118.0
10196,-168.0
10197,-119.0
10198,-162.0
10199,-165.0
10200,-116.0
10201,-171.0
10202,-148.0
10203,-144.0
10204,-115.0
10205,-117.0
10206,-122.0
10207,-117.0
10208,-148.0
10209,-163.0
10210,-154.0
10211,-153.0
10212,-153.0
10213,-116.0
10214,-153.0
10215,-132.0
10216,-162.0
10217,-117.0
10218,-117.0
10219,-153.0
10220,-116.0
10221,-153.0
10222,-122.0
10223,-137.0
10224,-117.0
10225,-200.0
10226,-121.0
10227,-154.0
10228,-147.0
10229,-152.0
10230,-117.0
10231,-152.0
10232,-153.0
10233,-153.0
10234,-162.0
10235,-124.0
10236,-153.0
10237,-170.0
10238,-122.0
10239,-166.0
10240,-162.0
10241,-135.0
10242,-154.0
10243,-118.0
10244,-120.0
10245,-159.0
10246,-157.0
10247,-120.0
10248,-170.0
10249,-119.0
10250,-141.0
10251,-168.0
10252,-156.0
10253,-147.0
10254,-158.0
10255,-121.0
10256,-121.0
10257,-122.0
10258,-119.0
10259,-120.0
10260,-120.0
10261,-159.0
10262,-159.0
10263,-156.0
10264,-158.0
10265,-147.0
10266,-119.0
10267,-158.0
10268,-144.0
10269,-146.0
10270,-143.0
10271,-200.0
10272,-123.0
10273,-120.0
10274,-163.0
10275,-118.0
10276,-121.0
10277,-156.0
10278,-157.0
10279,-120.0
10280,-117.0
10281,-168.0
10282,-163.0
10283,-158.0
10284,-153.0
10285,-155.0
10286,-120.0
10287,-159.0
10288,-152.0
10289,-118.0
10290,-116.0
10291,-154.0
10292,-138.0
10293,-153.0
10294,-116.0
10295,-116.0
10296,-153.0
10297,-140.0
10298,-153.0
10299,-158.0
10300,-152.0
10301,-162.0
10302,-150.0
10303,-118.0
10304,-145.0
10305,-124.0
10306,-117.0
10307,-153.0
10308,-153.0
10309,-153.0
10310,-117.0
10311,-147.0
10312,-154.0
10313,-146.0
10314,-154.0
10315,-153.0
10316,-116.0
10317,-153.0
10318,-153.0
10319,-167.0
10320,-116.0
10321,-123.0
10322,-116.0
10323,-138.0
10324,-118.0
10325,-139.0
10326,-152.0
10327,-122.0
10328,-120.0
10329,-115.0
10330,-114.0
10331,-117.0
10332,-164.0
10333,-158.0
10334,-137.0
10335,-162.0
10336,-137.0
10337,-154.0
10338,-118.0
10339,-155.0
10340,-154.0
10341,-117.0
10342,-153.0
10343,-118.0
10344,-156.0
10345,-118.0
10346,-117.0
10347,-155.0
10348,-116.0
10349,-140.0
10350,-118.0
10351,-118.0
10352,-122.0
10353,-118.0
10354,-143.0
10355,-152.0
10356,-153.0
10357,-120.0
10358,-118.0
10359,-121.0
10360,-117.0
10361,-152.0
10362,-143.0
10363,-161.0
10364,-150.0
10365,-119.0
10366,-152.0
10367,-117.0
10368,-122.0
10369,-153.0
10370,-159.0
10371,-117.0
10372,-160.0
10373,-152.0
10374,-116.0
10375,-162.0
10376,-117.0
10377,-116.0
10378,-119.0
10379,-115.0
10380,-122.0
10381,-145.0
10382,-162.0
10383,-148.0
10384,-120.0
10385,-150.0
10386,-145.0
10387,-117.0
10388,-117.0
10389,-151.0
10390,-117.0
10391,-151.0
10392,-121.0
10393,-120.0
10394,-117.0
10395,-152.0
10396,-154.0
10397,-117.0
10398,-143.0
10399,-154.0
10400,-142.0
10401,-155.0
10402,-151.0
10403,-161.0
10404,-158.0
10405,-153.0
10406,-118.0
10407,-164.0
10408,-122.0
10409,-116.0
10410,-200.0
10411,-139.0
10412,-115.0
10413,-117.0
10414,-115.0
10415,-148.0
10416,-139.0
10417,-117.0
10418,-115.0
10419,-137.0
10420,-141.0
10421,-118.0
10422,-152.0
10423,-125.0
10424,-149.0
10425,-138.0
10426,-146.0
10427,-117.0
10428,-156.0
10429,-156.0
10430,-121.0
10431,-153.0
10432,-117.0
10433,-118.0
10434,-152.0
10435,-116.0
10436,-117.0
10437,-138.0
10438,-136.0
10439,-151.0
10440,-154.0
10441,-164.0
10442,-158.0
10443,-144.0
10444,-152.0
10445,-140.0
10446,-117.0
10447,-118.0
10448,-154.0
10449,-157.0
10450,-154.0
10451,-150.0
10452,-124.0
10453,-121.0
10454,-149.0
10455,-148.0
10456,-147.0
10457,-146.0
10458,-163.0
10459,-151.0
10460,-156.0
10461,-117.0
10462,-144.0
10463,-117.0
10464,-118.0
10465,-115.0
10466,-153.0
10467,-146.0
10468,-118.0
10469,-162.0
10470,-149.0
10471,-156.0
10472,-119.0
10473,-155.0
10474,-116.0
10475,-117.0
10476,-147.0
10477,-158.0
10478,-146.0
10479,-200.0
10480,-145.0
10481,-116.0
10482,-155.0
10483,-119.0
10484,-118.0
10485,-157.0
10486,-151.0
10487,-152.0
10488,-116.0
10489,-144.0
10490,-114.0
10491,-117.0
10492,-146.0
10493,-146.0
10494,-146.0
10495,-146.0
10496,-117.0
10497,-126.0
10498,-116.0
10499,-118.0
10500,-149.0
10501,-151.0
10502,-150.0
10503,-120.0
10504,-145.0
10505,-147.0
10506,-145.0
10507,-118.0
10508,-118.0
10509,-157.0
10510,-151.0
10511,-200.0
10512,-116.0
10513,-148.0
10514,-122.0
10515,-147.0
10516,-146.0
10517,-123.0
10518,-117.0
10519,-121.0
10520,-118.0
10521,-149.0
10522,-147.0
10523,-117.0
10524,-117.0
10525,-146.0
10526,-149.0
10527,-144.0
10528,-148.0
10529,-157.0
10530,-146.0
10531,-144.0
10532,-115.0
10533,-123.0
10534,-138.0
10535,-138.0
10536,-118.0
10537,-116.0
10538,-115.0
10539,-117.0
10540,-118.0
10541,-120.0
10542,-126.0
10543,-117.0
10544,-116.0
10545,-121.0
10546,-137.0
10547,-150.0
10548,-118.0
10549,-145.0
10550,-143.0
10551,-117.0
10552,-145.0
10553,-161.0
10554,-146.0
10555,-141.0
10556,-117.0
10557,-147.0
10558,-117.0
10559,-117.0
10560,-117.0
10561,-146.0
10562,-147.0
10563,-146.0
10564,-147.0
10565,-118.0
10566,-145.0
10567,-148.0
10568,-148.0
10569,-120.0
10570,-117.0
10571,-143.0
10572,-116.0
10573,-144.0
10574,-137.0
10575,-118.0
10576,-138.0
10577,-138.0
10578,-115.0
10579,-117.0
10580,-137.0
10581,-118.0
10582,-154.0
10583,-139.0
10584,-119.0
10585,-121.0
10586,-146.0
10587,-140.0
10588,-119.0
10589,-139.0
10590,-118.0
10591,-118.0
10592,-143.0
10593,-142.0
10594,-119.0
10595,-139.0
10596,-118.0
10597,-145.0
10598,-141.0
10599,-142.0
10600,-142.0
10601,-123.0
10602,-148.0
10603,-141.0
10604,-140.0
10605,-156.0
10606,-149.0
10607,-147.0
10608,-139.0
10609,-140.0
10610,-122.0
10611,-140.0
10612,-140.0
10613,-118.0
10614,-138.0
10615,-142.0
10616,-140.0
10617,-137.0
10618,-138.0
10619,-139.0
10620,-139.0
10621,-140.0
10622,-136.0
10623,-117.0
10624,-116.0
10625,-137.0
10626,-116.0
10627,-116.0
10628,-150.0
10629,-139.0
10630,-137.0
10631,-142.0
10632,-138.0
10633,-120.0
10634,-121.0
10635,-116.0
10636,-148.0
10637,-147.0
10638,-147.0
10639,-137.0
10640,-117.0
10641,-116.0
10642,-138.0
10643,-138.0
10644,-147.0
10645,-152.0
10646,-134.0
10647,-116.0
10648,-137.0
10649,-115.0
10650,-147.0
10651,-141.0
10652,-117.0
10653,-136.0
10654,-151.0
10655,-138.0
10656,-115.0
10657,-116.0
10658,-149.0
10659,-140.0
10660,-140.0
10661,-127.0
10662,-116.0
10663,-115.0
10664,-116.0
10665,-138.0
10666,-120.0
10667,-116.0
10668,-141.0
10669,-116.0
10670,-142.0
10671,-116.0
10672,-150.0
10673,-143.0
10674,-117.0
10675,-137.0
10676,-137.0
10677,-116.0
10678,-120.0
10679,-116.0
10680,-140.0
10681,-115.0
10682,-117.0
10683,-116.0
10684,-149.0
10685,-139.0
10686,-116.0
10687,-120.0
10688,-134.0
10689,-141.0
10690,-145.0
10691,-120.0
10692,-139.0
10693,-119.0
10694,-125.0
10695,-116.0
10696,-145.0
10697,-136.0
10698,-138.0
10699,-139.0
10700,-116.0
10701,-138.0
10702,-121.0
10703,-120.0
10704,-149.0
10705,-138.0
10706,-121.0
10707,-144.0
10708,-148.0
10709,-115.0
10710,-117.0
10711,-148.0
10712,-117.0
10713,-117.0
10714,-121.0
10715,-157.0
10716,-145.0
10717,-117.0
10718,-115.0
10719,-147.0
10720,-138.0
10721,-140.0
10722,-116.0
10723,-116.0
10724,-136.0
10725,-115.0
10726,-139.0
10727,-135.0
10728,-116.0
10729,-152.0
10730,-139.0
10731,-144.0
10732,-116.0
10733,-117.0
10734,-153.0
10735,-155.0
10736,-116.0
10737,-117.0
10738,-142.0
10739,-154.0
10740,-139.0
10741,-116.0
10742,-200.0
10743,-147.0
10744,-137.0
10745,-116.0
10746,-116.0
10747,-120.0
10748,-147.0
10749,-143.0
10750,-137.0
10751,-142.0
10752,-137.0
10753,-145.0
10754,-139.0
10755,-115.0
10756,-149.0
10757,-138.0
10758,-116.0
10759,-142.0
10760,-143.0
10761,-137.0
10762,-116.0
10763,-137.0
10764,-114.0
10765,-145.0
10766,-116.0
10767,-116.0
10768,-136.0
10769,-139.0
10770,-116.0
10771,-136.0
10772,-116.0
10773,-149.0
10774,-119.0
10775,-121.0
10776,-117.0
10777,-123.0
10778,-135.0
10779,-135.0
10780,-122.0
10781,-115.0
10782,-115.0
10783,-144.0
10784,-116.0
10785,-143.0
10786,-115.0
10787,-142.0
10788,-141.0
10789,-152.0
10790,-115.0
10791,-137.0
10792,-116.0
10793,-149.0
10794,-146.0
10795,-146.0
10796,-116.0
10797,-115.0
10798,-147.0
10799,-144.0
10800,-146.0
10801,-136.0
10802,-138.0
10803,-139.0
10804,-161.0
10805,-135.0
10806,-143.0
10807,-136.0
10808,-140.0
10809,-141.0
10810,-139.0
10811,-116.0
10812,-116.0
10813,-143.0
10814,-116.0
10815,-115.0
10816,-145.0
10817,-116.0
10818,-149.0
10819,-142.0
10820,-119.0
10821,-137.0
10822,-141.0
10823,-152.0
10824,-137.0
10825,-114.0
10826,-170.0
10827,-137.0
10828,-137.0
10829,-141.0
10830,-143.0
10831,-140.0
10832,-138.0
10833,-140.0
10834,-147.0
10835,-175.0
10836,-142.0
10837,-136.0
10838,-169.0
10839,-164.0
10840,-137.0
10841,-137.0
10842,-150.0
10843,-135.0
10844,-137.0
10845,-138.0
10846,-137.0
10847,-139.0
10848,-137.0
10849,-137.0
10850,-115.0
10851,-143.0
10852,-137.0
10853,-136.0
10854,-160.0
10855,-136.0
10856,-200.0
10857,-140.0
10858,-200.0
10859,-200.0
10860,-140.0
10861,-139.0
10862,-137.0
10863,-138.0
10864,-200.0
10865,-160.0
10866,-123.0
10867,-137.0
10868,-120.0
10869,-120.0
10870,-150.0
10871,-145.0
10872,-121.0
10873,-118.0
10874,-117.0
10875,-164.0
10876,-149.0
10877,-153.0
10878,-146.0
10879,-115.0
10880,-137.0
10881,-139.0
10882,-139.0
10883,-146.0
10884,-145.0
10885,-116.0
10886,-120.0
10887,-148.0
10888,-152.0
10889,-115.0
10890,-116.0
10891,-150.0
10892,-116.0
10893,-142.0
10894,-148.0
10895,-119.0
10896,-116.0
10897,-141.0
10898,-147.0
10899,-115.0
10900,-115.0
10901,-116.0
10902,-114.0
10903,-139.0
10904,-116.0
10905,-152.0
10906,-149.0
10907,-117.0
10908,-158.0
10909,-114.0
10910,-149.0
10911,-137.0
10912,-138.0
10913,-136.0
10914,-116.0
10915,-114.0
10916,-148.0
10917,-159.0
10918,-142.0
10919,-137.0
10920,-117.0
10921,-142.0
10922,-116.0
10923,-137.0
10924,-137.0
10925,-115.0
10926,-139.0
10927,-139.0
10928,-116.0
10929,-148.0
10930,-123.0
10931,-139.0
10932,-116.0
10933,-116.0
10934,-115.0
10935,-153.0
10936,-141.0
10937,-138.0
10938,-116.0
10939,-116.0
10940,-137.0
10941,-150.0
10942,-148.0
10943,-115.0
10944,-115.0
10945,-116.0
10946,-137.0
10947,-149.0
10948,-139.0
10949,-116.0
10950,-140.0
10951,-140.0
10952,-115.0
10953,-140.0
10954,-121.0
10955,-151.0
10956,-139.0
10957,-139.0
10958,-137.0
10959,-117.0
10960,-138.0
10961,-146.0
10962,-149.0
10963,-139.0
10964,-161.0
10965,-136.0
10966,-115.0
10967,-139.0
10968,-139.0
10969,-116.0
10970,-153.0
10971,-140.0
10972,-117.0
10973,-119.0
10974,-115.0
10975,-136.0
10976,-138.0
10977,-123.0
10978,-116.0
10979,-149.0
10980,-149.0
10981,-149.0
10982,-116.0
10983,-142.0
10984,-139.0
10985,-120.0
10986,-148.0
10987,-139.0
10988,-136.0
10989,-115.0
10990,-150.0
10991,-145.0
10992,-138.0
10993,-138.0
10994,-138.0
10995,-122.0
10996,-155.0
10997,-162.0
10998,-121.0
10999,-149.0
11000,-141.0
11001,-148.0
11002,-123.0
11003,-142.0
11004,-137.0
11005,-116.0
11006,-147.0
11007,-142.0
11008,-121.0
11009,-122.0
11010,-157.0
11011,-155.0
11012,-154.0
11013,-141.0
11014,-144.0
11015,-117.0
11016,-146.0
11017,-118.0
11018,-139.0
11019,-143.0
11020,-149.0
11021,-119.0
11022,-142.0
11023,-121.0
11024,-139.0
11025,-141.0
11026,-122.0
11027,-141.0
11028,-119.0
11029,-141.0
11030,-141.0
11031,-144.0
11032,-119.0
11033,-120.0
11034,-119.0
11035,-142.0
11036,-120.0
11037,-151.0
11038,-156.0
11039,-142.0
11040,-121.0
11041,-119.0
11042,-143.0
11043,-159.0
11044,-120.0
11045,-143.0
11046,-119.0
11047,-119.0
11048,-120.0
11049,-143.0
11050,-121.0
11051,-140.0
11052,-156.0
11053,-143.0
11054,-139.0
11055,-138.0
11056,-118.0
11057,-154.0
11058,-156.0
11059,-141.0
11060,-166.0
11061,-143.0
11062,-152.0
11063,-120.0
11064,-119.0
11065,-119.0
11066,-153.0
11067,-140.0
11068,-200.0
11069,-119.0
11070,-119.0
11071,-120.0
11072,-120.0
11073,-125.0
11074,-143.0
11075,-141.0
11076,-119.0
11077,-141.0
11078,-141.0
11079,-121.0
11080,-119.0
11081,-139.0
11082,-135.0
11083,-119.0
11084,-119.0
11085,-118.0
11086,-119.0
11087,-136.0
11088,-118.0
11089,-140.0
11090,-117.0
11091,-121.0
11092,-119.0
11093,-142.0
11094,-119.0
11095,-200.0
11096,-142.0
11097,-121.0
11098,-138.0
11099,-160.0
11100,-131.0
11101,-120.0
11102,-200.0
11103,-143.0
11104,-141.0
11105,-200.0
11106,-145.0
11107,-133.0
11108,-172.0
11109,-200.0
11110,-200.0
11111,-120.0
11112,-133.0
11113,-143.0
11114,-119.0
11115,-160.0
11116,-200.0
11117,-144.0
11118,-120.0
11119,-151.0
11120,-117.0
11121,-120.0
11122,-143.0
11123,-120.0
11124,-141.0
11125,-117.0
11126,-119.0
11127,-120.0
11128,-144.0
11129,-120.0
11130,-145.0
11131,-142.0
11132,-144.0
11133,-142.0
11134,-121.0
11135,-121.0
11136,-145.0
11137,-120.0
11138,-122.0
11139,-144.0
11140,-157.0
11141,-122.0
11142,-200.0
11143,-122.0
11144,-153.0
11145,-200.0
11146,-121.0
11147,-120.0
11148,-146.0
11149,-122.0
11150,-121.0
11151,-154.0
11152,-122.0
11153,-143.0
11154,-154.0
11155,-119.0
11156,-164.0
11157,-145.0
11158,-146.0
11159,-154.0
11160,-140.0
11161,-160.0
11162,-120.0
11163,-121.0
11164,-144.0
11165,-200.0
11166,-119.0
11167,-137.0
11168,-200.0
11169,-139.0
11170,-146.0
11171,-200.0
11172,-156.0
11173,-133.0
11174,-200.0
11175,-155.0
11176,-153.0
11177,-141.0
11178,-143.0
11179,-119.0
11180,-146.0
11181,-144.0
11182,-137.0
11183,-200.0
11184,-200.0
11185,-142.0
11186,-121.0
11187,-121.0
11188,-162.0
11189,-134.0
11190,-152.0
11191,-141.0
11192,-200.0
11193,-120.0
11194,-151.0
11195,-120.0
11196,-155.0
11197,-152.0
11198,-148.0
11199,-140.0
11200,-119.0
11201,-154.0
11202,-142.0
11203,-120.0
11204,-140.0
11205,-152.0
11206,-130.0
11207,-157.0
11208,-119.0
11209,-143.0
11210,-167.0
11211,-143.0
11212,-120.0
11213,-152.0
11214,-143.0
11215,-119.0
11216,-155.0
11217,-182.0
11218,-141.0
11219,-119.0
11220,-119.0
11221,-200.0
11222,-158.0
11223,-139.0
11224,-137.0
11225,-122.0
11226,-200.0
11227,-200.0
11228,-163.0
11229,-137.0
11230,-200.0
11231,-120.0
11232,-200.0
11233,-138.0
11234,-148.0
11235,-200.0
11236,-200.0
11237,-120.0
11238,-200.0
11239,-148.0
11240,-138.0
11241,-149.0
11242,-139.0
11243,-151.0
11244,-132.0
11245,-122.0
11246,-119.0
11247,-122.0
11248,-120.0
11249,-121.0
11250,-200.0
11251,-200.0
11252,-160.0
11253,-155.0
11254,-136.0
11255,-200.0
11256,-200.0
11257,-135.0
11258,-200.0
11259,-200.0
11260,-164.0
11261,-135.0
11262,-198.0
11263,-200.0
11264,-120.0
11265,-175.0
11266,-200.0
11267,-116.0
11268,-168.0
11269,-200.0
11270,-138.0
11271,-200.0
11272,-155.0
11273,-133.0
11274,-150.0
11275,-151.0
11276,-116.0
11277,-141.0
11278,-130.0
11279,-157.0
11280,-120.0
11281,-155.0
11282,-200.0
11283,-142.0
11284,-139.0
11285,-166.0
11286,-200.0
11287,-166.0
11288,-134.0
11289,-200.0
11290,-200.0
11291,-200.0
11292,-147.0
11293,-149.0
11294,-156.0
11295,-134.0
11296,-149.0
11297,-130.0
11298,-138.0
11299,-141.0
11300,-116.0
11301,-162.0
11302,-135.0
11303,-164.0
11304,-168.0
11305,-160.0
11306,-200.0
11307,-118.0
11308,-122.0
11309,-200.0
11310,-123.0
11311,-139.0
11312,-155.0
11313,-200.0
11314,-155.0
11315,-123.0
11316,-160.0
11317,-133.0
11318,-142.0
11319,-200.0
11320,-200.0
11321,-118.0
11322,-153.0
11323,-200.0
11324,-132.0
11325,-175.0
11326,-200.0
11327,-200.0
11328,-200.0
11329,-137.0
11330,-165.0
11331,-200.0
11332,-200.0
11333,-199.0
11334,-141.0
11335,-200.0
11336,-200.0
11337,-200.0
11338,-197.0
11339,-200.0
11340,-200.0
11341,-200.0
11342,-121.0
11343,-200.0
11344,-200.0
11345,-149.0
11346,-196.0
11347,-200.0
11348,-200.0
11349,-200.0
11350,-200.0
11351,-200.0
11352,-200.0
11353,-200.0
11354,-193.0
11355,-200.0
11356,-200.0
11357,-200.0
11358,-200.0
11359,-194.0
11360,-198.0
11361,-159.0
11362,-200.0
11363,-167.0
11364,-140.0
11365,-157.0
11366,-167.0
11367,-162.0
11368,-159.0
11369,-175.0
11370,-144.0
11371,-200.0
11372,-139.0
11373,-200.0
11374,-160.0
11375,-200.0
11376,-200.0
11377,-140.0
11378,-200.0
11379,-157.0
11380,-199.0
11381,-200.0
11382,-200.0
11383,-200.0
11384,-200.0
11385,-157.0
11386,-142.0
11387,-166.0
11388,-139.0
11389,-145.0
11390,-138.0
11391,-141.0
11392,-199.0
11393,-200.0
11394,-172.0
11395,-145.0
11396,-144.0
11397,-165.0
11398,-164.0
11399,-171.0
11400,-200.0
11401,-198.0
11402,-200.0
11403,-143.0
11404,-200.0
11405,-200.0
11406,-165.0
11407,-172.0
11408,-200.0
11409,-181.0
11410,-197.0
11411,-200.0
11412,-200.0
11413,-160.0
11414,-167.0
11415,-200.0
11416,-200.0
11417,-165.0
11418,-200.0
11419,-197.0
11420,-165.0
11421,-140.0
11422,-200.0
11423,-200.0
11424,-200.0
11425,-193.0
11426,-198.0
11427,-200.0
11428,-192.0
11429,-200.0
11430,-200.0
11431,-190.0
11432,-193.0
11433,-200.0
11434,-200.0
11435,-200.0
11436,-200.0
11437,-191.0
11438,-200.0
11439,-195.0
11440,-193.0
11441,-200.0
11442,-200.0
11443,-192.0
11444,-200.0
11445,-200.0
11446,-200.0
11447,-195.0
11448,-194.0
11449,-199.0
11450,-200.0
11451,-196.0
11452,-199.0
11453,-190.0
11454,-196.0
11455,-200.0
11456,-191.0
11457,-198.0
11458,-198.0
11459,-200.0
11460,-200.0
11461,-199.0
11462,-192.0
11463,-200.0
11464,-200.0
11465,-196.0
11466,-194.0
11467,-200.0
11468,-200.0
11469,-200.0
11470,-200.0
11471,-200.0
11472,-200.0
11473,-197.0
11474,-200.0
11475,-196.0
11476,-200.0
11477,-200.0
11478,-200.0
11479,-200.0
11480,-200.0
11481,-200.0
11482,-200.0
11483,-194.0
11484,-192.0
11485,-200.0
11486,-200.0
11487,-200.0
11488,-200.0
11489,-199.0
11490,-200.0
11491,-200.0
11492,-193.0
11493,-197.0
11494,-196.0
11495,-200.0
11496,-200.0
11497,-200.0
11498,-189.0
11499,-194.0
11500,-191.0
11501,-190.0
11502,-200.0
11503,-188.0
11504,-191.0
11505,-193.0
11506,-187.0
11507,-195.0
11508,-189.0
11509,-200.0
11510,-200.0
11511,-200.0
11512,-188.0
11513,-200.0
11514,-200.0
11515,-190.0
11516,-200.0
11517,-194.0
11518,-200.0
11519,-195.0
11520,-192.0
11521,-200.0
11522,-200.0
11523,-200.0
11524,-200.0
11525,-200.0
11526,-200.0
11527,-200.0
11528,-200.0
11529,-193.0
11530,-200.0
11531,-200.0
11532,-196.0
11533,-200.0
11534,-200.0
11535,-191.0
11536,-200.0
11537,-200.0
11538,-142.0
11539,-135.0
11540,-137.0
11541,-135.0
11542,-163.0
11543,-125.0
11544,-153.0
11545,-123.0
11546,-137.0
11547,-159.0
11548,-151.0
11549,-128.0
11550,-155.0
11551,-128.0
11552,-153.0
11553,-149.0
11554,-125.0
11555,-146.0
11556,-131.0
11557,-169.0
11558,-123.0
11559,-152.0
11560,-151.0
11561,-125.0
11562,-159.0
11563,-129.0
11564,-157.0
11565,-128.0
11566,-152.0
11567,-158.0
11568,-147.0
11569,-129.0
11570,-149.0
11571,-127.0
11572,-147.0
11573,-126.0
11574,-125.0
11575,-155.0
11576,-150.0
11577,-152.0
11578,-145.0
11579,-131.0
11580,-127.0
11581,-144.0
11582,-154.0
11583,-145.0
11584,-127.0
11585,-124.0
11586,-147.0
11587,-123.0
11588,-123.0
11589,-123.0
11590,-146.0
11591,-125.0
11592,-143.0
11593,-153.0
11594,-149.0
11595,-124.0
11596,-149.0
11597,-128.0
11598,-141.0
11599,-146.0
11600,-147.0
11601,-123.0
11602,-144.0
11603,-142.0
11604,-146.0
11605,-145.0
11606,-156.0
11607,-122.0
11608,-127.0
11609,-162.0
11610,-147.0
11611,-143.0
11612,-132.0
11613,-200.0
11614,-124.0
11615,-132.0
11616,-150.0
11617,-148.0
11618,-123.0
11619,-124.0
11620,-127.0
11621,-137.0
11622,-156.0
11623,-152.0
11624,-127.0
11625,-157.0
11626,-153.0
11627,-127.0
11628,-149.0
11629,-137.0
11630,-152.0
11631,-126.0
11632,-145.0
11633,-129.0
11634,-126.0
11635,-146.0
11636,-124.0
11637,-150.0
11638,-147.0
11639,-126.0
11640,-150.0
11641,-147.0
11642,-148.0
11643,-125.0
11644,-124.0
11645,-132.0
11646,-158.0
11647,-135.0
11648,-149.0
11649,-159.0
11650,-128.0
11651,-127.0
11652,-126.0
11653,-147.0
11654,-125.0
11655,-147.0
11656,-127.0
11657,-128.0
11658,-125.0
11659,-127.0
11660,-149.0
11661,-149.0
11662,-186.0
11663,-123.0
11664,-130.0
11665,-147.0
11666,-161.0
11667,-160.0
11668,-200.0
11669,-200.0
11670,-121.0
11671,-126.0
11672,-171.0
11673,-200.0
11674,-184.0
11675,-157.0
11676,-154.0
11677,-120.0
11678,-124.0
11679,-153.0
11680,-126.0
11681,-122.0
11682,-128.0
11683,-129.0
11684,-161.0
11685,-161.0
11686,-166.0
11687,-156.0
11688,-153.0
11689,-152.0
11690,-151.0
11691,-163.0
11692,-125.0
11693,-121.0
11694,-149.0
11695,-156.0
11696,-119.0
11697,-147.0
11698,-121.0
11699,-121.0
11700,-159.0
11701,-147.0
11702,-121.0
11703,-119.0
11704,-117.0
11705,-123.0
11706,-121.0
11707,-126.0
11708,-153.0
11709,-126.0
11710,-122.0
11711,-156.0
11712,-154.0
11713,-200.0
11714,-191.0
11715,-152.0
11716,-137.0
11717,-138.0
11718,-123.0
11719,-123.0
11720,-154.0
11721,-127.0
11722,-153.0
11723,-152.0
11724,-123.0
11725,-149.0
11726,-143.0
11727,-151.0
11728,-119.0
11729,-119.0
11730,-146.0
11731,-131.0
11732,-127.0
11733,-131.0
11734,-129.0
11735,-149.0
11736,-151.0
11737,-125.0
11738,-160.0
11739,-148.0
11740,-131.0
11741,-125.0
11742,-145.0
11743,-160.0
11744,-152.0
11745,-126.0
11746,-126.0
11747,-124.0
11748,-124.0
11749,-145.0
11750,-124.0
11751,-125.0
11752,-119.0
11753,-119.0
11754,-152.0
11755,-142.0
11756,-120.0
11757,-141.0
11758,-144.0
11759,-117.0
11760,-151.0
11761,-116.0
11762,-117.0
11763,-141.0
11764,-118.0
11765,-117.0
11766,-148.0
11767,-146.0
11768,-117.0
11769,-120.0
11770,-117.0
11771,-148.0
11772,-123.0
11773,-151.0
11774,-121.0
11775,-120.0
11776,-145.0
11777,-149.0
11778,-118.0
11779,-149.0
11780,-149.0
11781,-156.0
11782,-148.0
11783,-115.0
11784,-147.0
11785,-152.0
11786,-154.0
11787,-143.0
11788,-151.0
11789,-145.0
11790,-117.0
11791,-145.0
11792,-133.0
11793,-200.0
11794,-128.0
11795,-195.0
11796,-151.0
11797,-141.0
11798,-119.0
11799,-119.0
11800,-118.0
11801,-118.0
11802,-145.0
11803,-149.0
11804,-152.0
11805,-144.0
11806,-148.0
11807,-149.0
11808,-153.0
11809,-119.0
11810,-150.0
11811,-121.0
11812,-118.0
11813,-148.0
11814,-141.0
11815,-125.0
11816,-200.0
11817,-200.0
11818,-197.0
11819,-193.0
11820,-158.0
11821,-125.0
11822,-186.0
11823,-151.0
11824,-147.0
11825,-166.0
11826,-165.0
11827,-146.0
11828,-152.0
11829,-120.0
11830,-117.0
11831,-162.0
11832,-120.0
11833,-154.0
11834,-140.0
11835,-122.0
11836,-146.0
11837,-120.0
11838,-117.0
11839,-123.0
11840,-145.0
11841,-121.0
11842,-133.0
11843,-188.0
11844,-200.0
11845,-156.0
11846,-154.0
11847,-154.0
11848,-124.0
11849,-153.0
11850,-200.0
11851,-159.0
11852,-186.0
11853,-127.0
11854,-121.0
11855,-165.0
11856,-131.0
11857,-197.0
11858,-161.0
11859,-183.0
11860,-126.0
11861,-200.0
11862,-123.0
11863,-145.0
11864,-122.0
11865,-124.0
11866,-145.0
11867,-154.0
11868,-124.0
11869,-175.0
11870,-173.0
11871,-158.0
11872,-153.0
11873,-144.0
11874,-156.0
11875,-151.0
11876,-119.0
11877,-200.0
11878,-186.0
11879,-124.0
11880,-154.0
11881,-127.0
11882,-186.0
11883,-200.0
11884,-195.0
11885,-200.0
11886,-198.0
11887,-123.0
11888,-200.0
11889,-200.0
11890,-186.0
11891,-166.0
11892,-200.0
11893,-194.0
11894,-188.0
11895,-200.0
11896,-165.0
11897,-200.0
11898,-137.0
11899,-200.0
11900,-200.0
11901,-161.0
11902,-195.0
11903,-200.0
11904,-199.0
11905,-171.0
11906,-198.0
11907,-153.0
11908,-195.0
11909,-200.0
11910,-176.0
11911,-156.0
11912,-166.0
11913,-163.0
11914,-155.0
11915,-183.0
11916,-156.0
11917,-167.0
11918,-158.0
11919,-156.0
11920,-160.0
11921,-158.0
11922,-154.0
11923,-161.0
11924,-151.0
11925,-133.0
11926,-128.0
11927,-128.0
11928,-126.0
11929,-124.0
11930,-126.0
11931,-156.0
11932,-126.0
11933,-187.0
11934,-151.0
11935,-129.0
11936,-131.0
11937,-126.0
11938,-192.0
11939,-140.0
11940,-154.0
11941,-199.0
11942,-153.0
11943,-155.0
11944,-169.0
11945,-158.0
11946,-157.0
11947,-161.0
11948,-156.0
11949,-167.0
11950,-193.0
11951,-164.0
11952,-187.0
11953,-169.0
11954,-154.0
11955,-155.0
11956,-194.0
11957,-162.0
11958,-166.0
11959,-131.0
11960,-133.0
11961,-135.0
11962,-131.0
11963,-154.0
11964,-130.0
11965,-153.0
11966,-154.0
11967,-151.0
11968,-163.0
11969,-157.0
11970,-159.0
11971,-128.0
11972,-128.0
11973,-127.0
11974,-153.0
11975,-126.0
11976,-159.0
11977,-126.0
11978,-126.0
11979,-125.0
11980,-125.0
11981,-129.0
11982,-170.0
11983,-127.0
11984,-126.0
11985,-164.0
11986,-164.0
11987,-161.0
11988,-127.0
11989,-149.0
11990,-128.0
11991,-152.0
11992,-156.0
11993,-127.0
11994,-166.0
11995,-128.0
11996,-128.0
11997,-131.0
11998,-154.0
11999,-154.0
12000,-161.0
12001,-129.0
12002,-160.0
12003,-140.0
12004,-134.0
12005,-132.0
12006,-136.0
12007,-134.0
12008,-159.0
12009,-155.0
12010,-166.0
12011,-154.0
12012,-139.0
12013,-156.0
12014,-128.0
12015,-130.0
12016,-135.0
12017,-129.0
12018,-162.0
12019,-130.0
12020,-153.0
12021,-156.0
12022,-157.0
12023,-135.0
12024,-152.0
12025,-168.0
12026,-152.0
12027,-128.0
12028,-129.0
12029,-128.0
12030,-130.0
12031,-149.0
12032,-155.0
12033,-129.0
12034,-159.0
12035,-137.0
12036,-168.0
12037,-155.0
12038,-127.0
12039,-129.0
12040,-165.0
12041,-126.0
12042,-129.0
12043,-128.0
12044,-155.0
12045,-160.0
12046,-131.0
12047,-158.0
12048,-152.0
12049,-155.0
12050,-128.0
12051,-158.0
12052,-158.0
12053,-160.0
12054,-152.0
12055,-126.0
12056,-131.0
12057,-151.0
12058,-165.0
12059,-129.0
12060,-167.0
12061,-128.0
12062,-160.0
12063,-125.0
12064,-159.0
12065,-156.0
12066,-126.0
12067,-150.0
12068,-127.0
12069,-154.0
12070,-127.0
12071,-163.0
12072,-173.0
12073,-161.0
12074,-155.0
12075,-128.0
12076,-131.0
12077,-166.0
12078,-126.0
12079,-159.0
12080,-161.0
12081,-158.0
12082,-158.0
12083,-128.0
12084,-163.0
12085,-126.0
12086,-157.0
12087,-127.0
12088,-155.0
12089,-127.0
12090,-158.0
12091,-155.0
12092,-165.0
12093,-147.0
12094,-154.0
12095,-155.0
12096,-158.0
12097,-128.0
12098,-156.0
12099,-129.0
12100,-128.0
12101,-130.0
12102,-158.0
12103,-125.0
12104,-155.0
12105,-127.0
12106,-128.0
12107,-128.0
12108,-152.0
12109,-127.0
12110,-126.0
12111,-127.0
12112,-126.0
12113,-127.0
12114,-155.0
12115,-126.0
12116,-128.0
12117,-128.0
12118,-155.0
12119,-127.0
12120,-154.0
12121,-125.0
12122,-131.0
12123,-154.0
12124,-125.0
12125,-161.0
12126,-129.0
12127,-157.0
12128,-127.0
12129,-156.0
12130,-149.0
12131,-130.0
12132,-129.0
12133,-152.0
12134,-126.0
12135,-123.0
12136,-146.0
12137,-124.0
12138,-125.0
12139,-124.0
12140,-163.0
12141,-149.0
12142,-156.0
12143,-152.0
12144,-156.0
12145,-124.0
12146,-148.0
12147,-125.0
12148,-123.0
12149,-126.0
12150,-124.0
12151,-148.0
12152,-151.0
12153,-124.0
12154,-147.0
12155,-124.0
12156,-144.0
12157,-166.0
12158,-152.0
12159,-152.0
12160,-147.0
12161,-125.0
12162,-163.0
12163,-126.0
12164,-125.0
12165,-126.0
12166,-157.0
12167,-129.0
12168,-149.0
12169,-129.0
12170,-128.0
12171,-148.0
12172,-155.0
12173,-151.0
12174,-144.0
12175,-145.0
12176,-124.0
12177,-124.0
12178,-156.0
12179,-124.0
12180,-128.0
12181,-146.0
12182,-148.0
12183,-152.0
12184,-125.0
12185,-154.0
12186,-151.0
12187,-126.0
12188,-128.0
12189,-126.0
12190,-124.0
12191,-166.0
12192,-123.0
12193,-127.0
12194,-151.0
12195,-128.0
12196,-149.0
12197,-153.0
12198,-126.0
12199,-127.0
12200,-133.0
12201,-122.0
12202,-126.0
12203,-156.0
12204,-152.0
12205,-124.0
12206,-153.0
12207,-122.0
12208,-194.0
12209,-159.0
12210,-121.0
12211,-155.0
12212,-126.0
12213,-186.0
12214,-157.0
12215,-126.0
12216,-154.0
12217,-153.0
12218,-170.0
12219,-125.0
12220,-125.0
12221,-170.0
12222,-127.0
12223,-162.0
12224,-151.0
12225,-153.0
12226,-128.0
12227,-127.0
12228,-167.0
12229,-161.0
12230,-157.0
12231,-163.0
12232,-130.0
12233,-126.0
12234,-162.0
12235,-153.0
12236,-153.0
12237,-150.0
12238,-128.0
12239,-129.0
12240,-128.0
12241,-129.0
12242,-128.0
12243,-155.0
12244,-151.0
12245,-164.0
12246,-156.0
12247,-129.0
12248,-127.0
12249,-155.0
12250,-128.0
12251,-152.0
12252,-162.0
12253,-163.0
12254,-161.0
12255,-129.0
12256,-127.0
12257,-170.0
12258,-130.0
12259,-160.0
12260,-200.0
12261,-168.0
12262,-193.0
12263,-184.0
12264,-125.0
12265,-124.0
12266,-200.0
12267,-123.0
12268,-200.0
12269,-200.0
12270,-156.0
12271,-197.0
12272,-169.0
12273,-166.0
12274,-176.0
12275,-131.0
12276,-181.0
12277,-191.0
12278,-200.0
12279,-194.0
12280,-177.0
12281,-188.0
12282,-172.0
12283,-194.0
12284,-189.0
12285,-200.0
12286,-174.0
12287,-153.0
12288,-141.0
12289,-158.0
12290,-183.0
12291,-200.0
12292,-179.0
12293,-191.0
12294,-196.0
12295,-180.0
12296,-179.0
12297,-174.0
12298,-187.0
12299,-177.0
12300,-200.0
12301,-177.0
12302,-200.0
12303,-142.0
12304,-140.0
12305,-189.0
12306,-186.0
12307,-160.0
12308,-200.0
12309,-163.0
12310,-198.0
12311,-190.0
12312,-158.0
12313,-142.0
12314,-157.0
12315,-147.0
12316,-160.0
12317,-142.0
12318,-165.0
12319,-144.0
12320,-196.0
12321,-138.0
12322,-191.0
12323,-172.0
12324,-184.0
12325,-139.0
12326,-195.0
12327,-177.0
12328,-137.0
12329,-135.0
12330,-138.0
12331,-149.0
12332,-180.0
12333,-134.0
12334,-187.0
12335,-177.0
12336,-130.0
12337,-180.0
12338,-162.0
12339,-130.0
12340,-132.0
12341,-130.0
12342,-172.0
12343,-172.0
12344,-172.0
12345,-140.0
12346,-163.0
12347,-160.0
12348,-129.0
12349,-167.0
12350,-161.0
12351,-164.0
12352,-167.0
12353,-154.0
12354,-155.0
12355,-131.0
12356,-172.0
12357,-152.0
12358,-159.0
12359,-160.0
12360,-129.0
12361,-128.0
12362,-153.0
12363,-157.0
12364,-167.0
12365,-158.0
12366,-149.0
12367,-131.0
12368,-168.0
12369,-155.0
12370,-165.0
12371,-129.0
12372,-173.0
12373,-127.0
12374,-164.0
12375,-169.0
12376,-132.0
12377,-135.0
12378,-130.0
12379,-155.0
12380,-134.0
12381,-150.0
12382,-132.0
12383,-126.0
12384,-165.0
12385,-127.0
12386,-168.0
12387,-126.0
12388,-171.0
12389,-125.0
12390,-128.0
12391,-129.0
12392,-150.0
12393,-160.0
12394,-126.0
12395,-131.0
12396,-155.0
12397,-129.0
12398,-155.0
12399,-128.0
12400,-152.0
12401,-161.0
12402,-155.0
12403,-155.0
12404,-132.0
12405,-169.0
12406,-156.0
12407,-154.0
12408,-156.0
12409,-154.0
12410,-156.0
12411,-157.0
12412,-155.0
12413,-156.0
12414,-151.0
12415,-157.0
12416,-162.0
12417,-125.0
12418,-153.0
12419,-157.0
12420,-159.0
12421,-125.0
12422,-153.0
12423,-153.0
12424,-154.0
12425,-127.0
12426,-174.0
12427,-189.0
12428,-131.0
12429,-194.0
12430,-180.0
12431,-189.0
12432,-155.0
12433,-172.0
12434,-151.0
12435,-152.0
12436,-150.0
12437,-179.0
12438,-200.0
12439,-200.0
12440,-153.0
12441,-169.0
12442,-153.0
12443,-152.0
12444,-125.0
12445,-156.0
12446,-200.0
12447,-156.0
12448,-158.0
12449,-151.0
12450,-173.0
12451,-152.0
12452,-200.0
12453,-123.0
12454,-126.0
12455,-156.0
12456,-151.0
12457,-155.0
12458,-153.0
12459,-125.0
12460,-129.0
12461,-154.0
12462,-150.0
12463,-129.0
12464,-153.0
12465,-124.0
12466,-152.0
12467,-153.0
12468,-198.0
12469,-192.0
12470,-200.0
12471,-191.0
12472,-159.0
12473,-200.0
12474,-178.0
12475,-172.0
12476,-140.0
12477,-177.0
12478,-195.0
12479,-181.0
12480,-168.0
12481,-170.0
12482,-165.0
12483,-152.0
12484,-166.0
12485,-193.0
12486,-152.0
12487,-153.0
12488,-161.0
12489,-180.0
12490,-181.0
12491,-168.0
12492,-200.0
12493,-158.0
12494,-151.0
12495,-150.0
12496,-193.0
12497,-169.0
12498,-177.0
12499,-155.0
12500,-178.0
12501,-151.0
12502,-193.0
12503,-153.0
12504,-153.0
12505,-163.0
12506,-168.0
12507,-172.0
12508,-161.0
12509,-151.0
12510,-149.0
12511,-172.0
12512,-152.0
12513,-152.0
12514,-160.0
12515,-160.0
12516,-151.0
12517,-178.0
12518,-165.0
12519,-172.0
12520,-169.0
12521,-166.0
12522,-162.0
12523,-154.0
12524,-184.0
12525,-164.0
12526,-181.0
12527,-180.0
12528,-150.0
12529,-190.0
12530,-151.0
12531,-155.0
12532,-176.0
12533,-156.0
12534,-185.0
12535,-151.0
12536,-152.0
12537,-160.0
12538,-179.0
12539,-174.0
12540,-190.0
12541,-153.0
12542,-153.0
12543,-168.0
12544,-168.0
12545,-151.0
12546,-179.0
12547,-182.0
12548,-189.0
12549,-154.0
12550,-152.0
12551,-157.0
12552,-153.0
12553,-161.0
12554,-174.0
12555,-152.0
12556,-169.0
12557,-153.0
12558,-172.0
12559,-173.0
12560,-158.0
12561,-152.0
12562,-174.0
12563,-151.0
12564,-152.0
12565,-166.0
12566,-175.0
12567,-166.0
12568,-169.0
12569,-176.0
12570,-153.0
12571,-163.0
12572,-149.0
12573,-172.0
12574,-151.0
12575,-149.0
12576,-150.0
12577,-151.0
12578,-189.0
12579,-172.0
12580,-179.0
12581,-160.0
12582,-150.0
12583,-159.0
12584,-149.0
12585,-159.0
12586,-199.0
12587,-152.0
12588,-151.0
12589,-171.0
12590,-188.0
12591,-173.0
12592,-184.0
12593,-184.0
12594,-132.0
12595,-178.0
12596,-186.0
12597,-164.0
12598,-164.0
12599,-123.0
12600,-165.0
12601,-180.0
12602,-169.0
12603,-171.0
12604,-152.0
12605,-156.0
12606,-197.0
12607,-171.0
12608,-182.0
12609,-169.0
12610,-164.0
12611,-167.0
12612,-182.0
12613,-195.0
12614,-190.0
12615,-184.0
12616,-158.0
12617,-170.0
12618,-166.0
12619,-185.0
12620,-127.0
12621,-165.0
12622,-157.0
12623,-157.0
12624,-169.0
12625,-184.0
12626,-133.0
12627,-127.0
12628,-124.0
12629,-148.0
12630,-165.0
12631,-127.0
12632,-175.0
12633,-121.0
12634,-125.0
12635,-132.0
12636,-133.0
12637,-165.0
12638,-132.0
12639,-127.0
12640,-167.0
12641,-150.0
12642,-171.0
12643,-129.0
12644,-169.0
12645,-176.0
12646,-152.0
12647,-153.0
12648,-165.0
12649,-147.0
12650,-127.0
12651,-163.0
12652,-159.0
12653,-154.0
12654,-200.0
12655,-165.0
12656,-152.0
12657,-152.0
12658,-152.0
12659,-168.0
12660,-156.0
12661,-149.0
12662,-172.0
12663,-151.0
12664,-128.0
12665,-126.0
12666,-169.0
12667,-147.0
12668,-126.0
12669,-124.0
12670,-174.0
12671,-128.0
12672,-174.0
12673,-171.0
12674,-125.0
12675,-184.0
12676,-128.0
12677,-159.0
12678,-161.0
12679,-175.0
12680,-155.0
12681,-168.0
12682,-128.0
12683,-138.0
12684,-181.0
12685,-132.0
12686,-156.0
12687,-183.0
12688,-157.0
12689,-124.0
12690,-151.0
12691,-177.0
12692,-162.0
12693,-162.0
12694,-159.0
12695,-127.0
12696,-125.0
12697,-165.0
12698,-168.0
12699,-163.0
12700,-165.0
12701,-153.0
12702,-162.0
12703,-156.0
12704,-164.0
12705,-166.0
12706,-128.0
12707,-128.0
12708,-157.0
12709,-155.0
12710,-152.0
12711,-126.0
12712,-126.0
12713,-127.0
12714,-162.0
12715,-128.0
12716,-129.0
12717,-154.0
12718,-161.0
12719,-128.0
12720,-159.0
12721,-128.0
12722,-159.0
12723,-155.0
12724,-161.0
12725,-167.0
12726,-171.0
12727,-162.0
12728,-126.0
12729,-162.0
12730,-126.0
12731,-156.0
12732,-161.0
12733,-169.0
12734,-124.0
12735,-127.0
12736,-160.0
12737,-128.0
12738,-160.0
12739,-161.0
12740,-151.0
12741,-160.0
12742,-146.0
12743,-128.0
12744,-151.0
12745,-156.0
12746,-152.0
12747,-127.0
12748,-167.0
12749,-159.0
12750,-156.0
12751,-129.0
12752,-138.0
12753,-155.0
12754,-128.0
12755,-160.0
12756,-160.0
12757,-134.0
12758,-164.0
12759,-125.0
12760,-160.0
12761,-127.0
12762,-128.0
12763,-148.0
12764,-151.0
12765,-147.0
12766,-162.0
12767,-130.0
12768,-164.0
12769,-127.0
12770,-126.0
12771,-158.0
12772,-156.0
12773,-164.0
12774,-126.0
12775,-126.0
12776,-163.0
12777,-127.0
12778,-153.0
12779,-164.0
12780,-155.0
12781,-126.0
12782,-126.0
12783,-158.0
12784,-127.0
12785,-128.0
12786,-127.0
12787,-147.0
12788,-150.0
12789,-148.0
12790,-164.0
12791,-128.0
12792,-156.0
12793,-163.0
12794,-126.0
12795,-127.0
12796,-126.0
12797,-166.0
12798,-127.0
12799,-161.0
12800,-126.0
12801,-162.0
12802,-127.0
12803,-157.0
12804,-125.0
12805,-155.0
12806,-165.0
12807,-166.0
12808,-164.0
12809,-159.0
12810,-174.0
12811,-180.0
12812,-164.0
12813,-165.0
12814,-150.0
12815,-166.0
12816,-153.0
12817,-145.0
12818,-195.0
12819,-153.0
12820,-162.0
12821,-158.0
12822,-167.0
12823,-191.0
12824,-147.0
12825,-200.0
12826,-200.0
12827,-162.0
12828,-158.0
12829,-160.0
12830,-128.0
12831,-174.0
12832,-130.0
12833,-126.0
12834,-127.0
12835,-166.0
12836,-168.0
12837,-176.0
12838,-125.0
12839,-180.0
12840,-130.0
12841,-126.0
12842,-181.0
12843,-127.0
12844,-169.0
12845,-169.0
12846,-168.0
12847,-125.0
12848,-169.0
12849,-125.0
12850,-163.0
12851,-126.0
12852,-129.0
12853,-167.0
12854,-168.0
12855,-126.0
12856,-167.0
12857,-125.0
12858,-127.0
12859,-126.0
12860,-126.0
12861,-162.0
12862,-128.0
12863,-170.0
12864,-180.0
12865,-160.0
12866,-127.0
12867,-165.0
12868,-127.0
12869,-127.0
12870,-127.0
12871,-127.0
12872,-127.0
12873,-178.0
12874,-177.0
12875,-126.0
12876,-166.0
12877,-146.0
12878,-172.0
12879,-165.0
12880,-127.0
12881,-164.0
12882,-159.0
12883,-169.0
12884,-157.0
12885,-127.0
12886,-165.0
12887,-158.0
12888,-127.0
12889,-127.0
12890,-126.0
12891,-127.0
12892,-127.0
12893,-164.0
12894,-159.0
12895,-167.0
12896,-171.0
12897,-155.0
12898,-127.0
12899,-127.0
12900,-127.0
12901,-162.0
12902,-129.0
12903,-155.0
12904,-165.0
12905,-164.0
12906,-127.0
12907,-127.0
12908,-168.0
12909,-156.0
12910,-157.0
12911,-128.0
12912,-125.0
12913,-126.0
12914,-128.0
12915,-174.0
12916,-127.0
12917,-156.0
12918,-150.0
12919,-128.0
12920,-125.0
12921,-151.0
12922,-127.0
12923,-151.0
12924,-154.0
12925,-157.0
12926,-126.0
12927,-154.0
12928,-129.0
12929,-126.0
12930,-156.0
12931,-127.0
12932,-175.0
12933,-126.0
12934,-158.0
12935,-158.0
12936,-127.0
12937,-126.0
12938,-163.0
12939,-129.0
12940,-157.0
12941,-127.0
12942,-154.0
12943,-172.0
12944,-125.0
12945,-127.0
12946,-126.0
12947,-175.0
12948,-175.0
12949,-125.0
12950,-125.0
12951,-162.0
12952,-155.0
12953,-176.0
12954,-125.0
12955,-184.0
12956,-155.0
12957,-152.0
12958,-129.0
12959,-170.0
12960,-155.0
12961,-126.0
12962,-160.0
12963,-156.0
12964,-166.0
12965,-175.0
12966,-129.0
12967,-158.0
12968,-161.0
12969,-161.0
12970,-125.0
12971,-126.0
12972,-126.0
12973,-159.0
12974,-157.0
12975,-159.0
12976,-163.0
12977,-130.0
12978,-127.0
12979,-163.0
12980,-129.0
12981,-161.0
12982,-159.0
12983,-159.0
12984,-163.0
12985,-173.0
12986,-131.0
12987,-131.0
12988,-136.0
12989,-136.0
12990,-130.0
12991,-161.0
12992,-131.0
12993,-159.0
12994,-129.0
12995,-129.0
12996,-129.0
12997,-158.0
12998,-130.0
12999,-130.0
13000,-129.0
13001,-131.0
13002,-127.0
13003,-129.0
13004,-157.0
13005,-167.0
13006,-130.0
13007,-165.0
13008,-171.0
13009,-159.0
13010,-156.0
13011,-127.0
13012,-165.0
13013,-132.0
13014,-132.0
13015,-159.0
13016,-165.0
13017,-130.0
13018,-159.0
13019,-157.0
13020,-159.0
13021,-131.0
13022,-156.0
13023,-163.0
13024,-153.0
13025,-130.0
13026,-133.0
13027,-161.0
13028,-131.0
13029,-152.0
13030,-131.0
13031,-169.0
13032,-172.0
13033,-160.0
13034,-155.0
13035,-130.0
13036,-157.0
13037,-154.0
13038,-134.0
13039,-136.0
13040,-163.0
13041,-151.0
13042,-154.0
13043,-155.0
13044,-127.0
13045,-161.0
13046,-128.0
13047,-130.0
13048,-132.0
13049,-130.0
13050,-152.0
13051,-157.0
13052,-152.0
13053,-154.0
13054,-158.0
13055,-128.0
13056,-155.0
13057,-154.0
13058,-158.0
13059,-169.0
13060,-132.0
13061,-163.0
13062,-128.0
13063,-156.0
13064,-128.0
13065,-153.0
13066,-129.0
13067,-130.0
13068,-128.0
13069,-134.0
13070,-132.0
13071,-132.0
13072,-155.0
13073,-150.0
13074,-132.0
13075,-163.0
13076,-132.0
13077,-160.0
13078,-159.0
13079,-167.0
13080,-132.0
13081,-151.0
13082,-179.0
13083,-167.0
13084,-131.0
13085,-162.0
13086,-152.0
13087,-155.0
13088,-164.0
13089,-130.0
13090,-165.0
13091,-131.0
13092,-171.0
13093,-158.0
13094,-161.0
13095,-135.0
13096,-156.0
13097,-181.0
13098,-157.0
13099,-130.0
13100,-133.0
13101,-155.0
13102,-155.0
13103,-131.0
13104,-130.0
13105,-153.0
13106,-157.0
13107,-155.0
13108,-129.0
13109,-132.0
13110,-153.0
13111,-156.0
13112,-153.0
13113,-152.0
13114,-132.0
13115,-171.0
13116,-154.0
13117,-132.0
13118,-154.0
13119,-136.0
13120,-149.0
13121,-130.0
13122,-155.0
13123,-131.0
13124,-132.0
13125,-130.0
13126,-131.0
13127,-132.0
13128,-158.0
13129,-151.0
13130,-128.0
13131,-153.0
13132,-131.0
13133,-153.0
13134,-128.0
13135,-155.0
13136,-131.0
13137,-155.0
13138,-131.0
13139,-131.0
13140,-156.0
13141,-132.0
13142,-151.0
13143,-153.0
13144,-130.0
13145,-151.0
13146,-129.0
13147,-153.0
13148,-156.0
13149,-162.0
13150,-160.0
13151,-130.0
13152,-151.0
13153,-153.0
13154,-128.0
13155,-155.0
13156,-129.0
13157,-154.0
13158,-153.0
13159,-131.0
13160,-151.0
13161,-132.0
13162,-131.0
13163,-131.0
13164,-155.0
13165,-131.0
13166,-148.0
13167,-130.0
13168,-152.0
13169,-131.0
13170,-149.0
13171,-152.0
13172,-134.0
13173,-132.0
13174,-168.0
13175,-131.0
13176,-129.0
13177,-134.0
13178,-154.0
13179,-150.0
13180,-134.0
13181,-155.0
13182,-161.0
13183,-158.0
13184,-155.0
13185,-131.0
13186,-171.0
13187,-158.0
13188,-131.0
13189,-157.0
13190,-159.0
13191,-158.0
13192,-166.0
13193,-130.0
13194,-177.0
13195,-132.0
13196,-131.0
13197,-165.0
13198,-128.0
13199,-131.0
13200,-155.0
13201,-130.0
13202,-136.0
13203,-166.0
13204,-170.0
13205,-170.0
13206,-157.0
13207,-159.0
13208,-171.0
13209,-157.0
13210,-200.0
13211,-149.0
13212,-157.0
13213,-194.0
13214,-133.0
13215,-166.0
13216,-158.0
13217,-171.0
13218,-169.0
13219,-155.0
13220,-161.0
13221,-160.0
13222,-165.0
13223,-158.0
13224,-161.0
13225,-131.0
13226,-167.0
13227,-200.0
13228,-200.0
13229,-169.0
13230,-170.0
13231,-132.0
13232,-175.0
13233,-163.0
13234,-130.0
13235,-167.0
13236,-166.0
13237,-131.0
13238,-132.0
13239,-179.0
13240,-133.0
13241,-129.0
13242,-167.0
13243,-138.0
13244,-160.0
13245,-163.0
13246,-130.0
13247,-179.0
13248,-163.0
13249,-166.0
13250,-131.0
13251,-132.0
13252,-162.0
13253,-130.0
13254,-137.0
13255,-139.0
13256,-160.0
13257,-158.0
13258,-159.0
13259,-131.0
13260,-163.0
13261,-129.0
13262,-165.0
13263,-164.0
13264,-130.0
13265,-131.0
13266,-154.0
13267,-158.0
13268,-158.0
13269,-163.0
13270,-129.0
13271,-161.0
13272,-143.0
13273,-160.0
13274,-133.0
13275,-132.0
13276,-170.0
13277,-144.0
13278,-159.0
13279,-132.0
13280,-136.0
13281,-134.0
13282,-133.0
13283,-130.0
13284,-132.0
13285,-169.0
13286,-155.0
13287,-131.0
13288,-132.0
13289,-130.0
13290,-130.0
13291,-128.0
13292,-158.0
13293,-131.0
13294,-166.0
13295,-175.0
13296,-129.0
13297,-162.0
13298,-161.0
13299,-128.0
13300,-153.0
13301,-164.0
13302,-159.0
13303,-129.0
13304,-159.0
13305,-157.0
13306,-132.0
13307,-153.0
13308,-129.0
13309,-129.0
13310,-158.0
13311,-160.0
13312,-162.0
13313,-167.0
13314,-129.0
13315,-131.0
13316,-158.0
13317,-153.0
13318,-153.0
13319,-155.0
13320,-132.0
13321,-133.0
13322,-157.0
13323,-168.0
13324,-158.0
13325,-161.0
13326,-158.0
13327,-158.0
13328,-135.0
13329,-156.0
13330,-161.0
13331,-132.0
13332,-151.0
13333,-154.0
13334,-155.0
13335,-131.0
13336,-157.0
13337,-156.0
13338,-135.0
13339,-164.0
13340,-161.0
13341,-160.0
13342,-139.0
13343,-165.0
13344,-165.0
13345,-165.0
13346,-140.0
13347,-171.0
13348,-166.0
13349,-139.0
13350,-140.0
13351,-178.0
13352,-137.0
13353,-163.0
13354,-138.0
13355,-181.0
13356,-158.0
13357,-138.0
13358,-136.0
13359,-174.0
13360,-156.0
13361,-161.0
13362,-141.0
13363,-135.0
13364,-168.0
13365,-139.0
13366,-142.0
13367,-166.0
13368,-161.0
13369,-162.0
13370,-139.0
13371,-157.0
13372,-159.0
13373,-171.0
13374,-160.0
13375,-142.0
13376,-168.0
13377,-139.0
13378,-159.0
13379,-157.0
13380,-170.0
13381,-157.0
13382,-162.0
13383,-163.0
13384,-159.0
13385,-139.0
13386,-167.0
13387,-144.0
13388,-165.0
13389,-166.0
13390,-157.0
13391,-143.0
13392,-161.0
13393,-136.0
13394,-161.0
13395,-136.0
13396,-164.0
13397,-168.0
13398,-139.0
13399,-161.0
13400,-139.0
13401,-161.0
13402,-162.0
13403,-158.0
13404,-142.0
13405,-138.0
13406,-170.0
13407,-138.0
13408,-155.0
13409,-160.0
13410,-155.0
13411,-160.0
13412,-161.0
13413,-136.0
13414,-139.0
13415,-139.0
13416,-136.0
13417,-162.0
13418,-137.0
13419,-176.0
13420,-143.0
13421,-184.0
13422,-166.0
13423,-136.0
13424,-171.0
13425,-178.0
13426,-167.0
13427,-185.0
13428,-200.0
13429,-200.0
13430,-156.0
13431,-159.0
13432,-136.0
13433,-133.0
13434,-164.0
13435,-138.0
13436,-178.0
13437,-172.0
13438,-156.0
13439,-159.0
13440,-164.0
13441,-144.0
13442,-170.0
13443,-146.0
13444,-172.0
13445,-162.0
13446,-138.0
13447,-139.0
13448,-161.0
13449,-143.0
13450,-141.0
13451,-160.0
13452,-140.0
13453,-136.0
13454,-174.0
13455,-139.0
13456,-156.0
13457,-139.0
13458,-138.0
13459,-159.0
13460,-161.0
13461,-141.0
13462,-144.0
13463,-164.0
13464,-159.0
13465,-165.0
13466,-160.0
13467,-140.0
13468,-140.0
13469,-172.0
13470,-139.0
13471,-161.0
13472,-176.0
13473,-142.0
13474,-174.0
13475,-141.0
13476,-144.0
13477,-167.0
13478,-138.0
13479,-143.0
13480,-139.0
13481,-176.0
13482,-166.0
13483,-137.0
13484,-143.0
13485,-184.0
13486,-165.0
13487,-146.0
13488,-144.0
13489,-170.0
13490,-162.0
13491,-164.0
13492,-164.0
13493,-140.0
13494,-169.0
13495,-164.0
13496,-159.0
13497,-172.0
13498,-168.0
13499,-144.0
13500,-168.0
13501,-181.0
13502,-168.0
13503,-187.0
13504,-159.0
13505,-166.0
13506,-200.0
13507,-159.0
13508,-200.0
13509,-160.0
13510,-166.0
13511,-167.0
13512,-161.0
13513,-164.0
13514,-163.0
13515,-189.0
13516,-162.0
13517,-163.0
13518,-160.0
13519,-162.0
13520,-164.0
13521,-165.0
13522,-145.0
13523,-153.0
13524,-168.0
13525,-168.0
13526,-150.0
13527,-167.0
13528,-165.0
13529,-144.0
13530,-147.0
13531,-165.0
13532,-167.0
13533,-141.0
13534,-144.0
13535,-144.0
13536,-151.0
13537,-178.0
13538,-200.0
13539,-200.0
13540,-200.0
13541,-200.0
13542,-139.0
13543,-144.0
13544,-166.0
13545,-144.0
13546,-200.0
13547,-200.0
13548,-200.0
13549,-200.0
13550,-200.0
13551,-200.0
13552,-200.0
13553,-181.0
13554,-164.0
13555,-200.0
13556,-200.0
13557,-200.0
13558,-200.0
13559,-200.0
13560,-200.0
13561,-163.0
13562,-170.0
13563,-143.0
13564,-147.0
13565,-152.0
13566,-172.0
13567,-142.0
13568,-141.0
13569,-138.0
13570,-138.0
13571,-160.0
13572,-199.0
13573,-145.0
13574,-142.0
13575,-139.0
13576,-139.0
13577,-163.0
13578,-195.0
13579,-200.0
13580,-140.0
13581,-200.0
13582,-200.0
13583,-200.0
13584,-185.0
13585,-200.0
13586,-196.0
13587,-200.0
13588,-200.0
13589,-199.0
13590,-193.0
13591,-197.0
13592,-200.0
13593,-190.0
13594,-200.0
13595,-190.0
13596,-191.0
13597,-200.0
13598,-194.0
13599,-200.0
13600,-198.0
13601,-200.0
13602,-200.0
13603,-200.0
13604,-164.0
13605,-200.0
13606,-144.0
13607,-200.0
13608,-200.0
13609,-200.0
13610,-200.0
13611,-200.0
13612,-133.0
13613,-200.0
13614,-200.0
13615,-161.0
13616,-143.0
13617,-140.0
13618,-169.0
13619,-160.0
13620,-142.0
13621,-148.0
13622,-142.0
13623,-162.0
13624,-179.0
13625,-183.0
13626,-149.0
13627,-165.0
13628,-161.0
13629,-141.0
13630,-138.0
13631,-157.0
13632,-185.0
13633,-137.0
13634,-178.0
13635,-138.0
13636,-142.0
13637,-170.0
13638,-138.0
13639,-175.0
13640,-137.0
13641,-188.0
13642,-141.0
13643,-171.0
13644,-161.0
13645,-200.0
13646,-146.0
13647,-172.0
13648,-176.0
13649,-146.0
13650,-171.0
13651,-186.0
13652,-200.0
13653,-200.0
13654,-200.0
13655,-200.0
13656,-188.0
13657,-195.0
13658,-200.0
13659,-200.0
13660,-200.0
13661,-178.0
13662,-200.0
13663,-200.0
13664,-200.0
13665,-200.0
13666,-141.0
13667,-166.0
13668,-152.0
13669,-179.0
13670,-175.0
13671,-168.0
13672,-176.0
13673,-200.0
13674,-200.0
13675,-200.0
13676,-171.0
13677,-174.0
13678,-135.0
13679,-167.0
13680,-177.0
13681,-177.0
13682,-174.0
13683,-200.0
13684,-200.0
13685,-200.0
13686,-200.0
13687,-200.0
13688,-200.0
13689,-200.0
13690,-200.0
13691,-200.0
13692,-178.0
13693,-195.0
13694,-200.0
13695,-200.0
13696,-200.0
13697,-200.0
13698,-200.0
13699,-200.0
13700,-200.0
13701,-200.0
13702,-200.0
13703,-200.0
13704,-200.0
13705,-197.0
13706,-200.0
13707,-200.0
13708,-200.0
13709,-192.0
13710,-200.0
13711,-200.0
13712,-200.0
13713,-200.0
13714,-200.0
13715,-199.0
13716,-200.0
13717,-196.0
13718,-200.0
13719,-200.0
13720,-200.0
13721,-200.0
13722,-200.0
13723,-200.0
13724,-200.0
13725,-200.0
13726,-137.0
13727,-168.0
13728,-200.0
13729,-132.0
13730,-200.0
13731,-169.0
13732,-166.0
13733,-193.0
13734,-138.0
13735,-169.0
13736,-156.0
13737,-200.0
13738,-188.0
13739,-193.0
13740,-200.0
13741,-165.0
13742,-159.0
13743,-200.0
13744,-200.0
13745,-190.0
13746,-192.0
13747,-193.0
13748,-200.0
13749,-192.0
13750,-200.0
13751,-200.0
13752,-200.0
13753,-200.0
13754,-200.0
13755,-186.0
13756,-200.0
13757,-200.0
13758,-193.0
13759,-200.0
13760,-200.0
13761,-200.0
13762,-200.0
13763,-200.0
13764,-200.0
13765,-200.0
13766,-200.0
13767,-200.0
13768,-192.0
13769,-194.0
13770,-200.0
13771,-200.0
13772,-200.0
13773,-200.0
13774,-200.0
13775,-200.0
13776,-197.0
13777,-197.0
13778,-200.0
13779,-200.0
13780,-199.0
13781,-200.0
13782,-200.0
13783,-200.0
13784,-200.0
13785,-200.0
13786,-200.0
13787,-200.0
13788,-200.0
13789,-200.0
13790,-200.0
13791,-200.0
13792,-200.0
13793,-200.0
13794,-196.0
13795,-194.0
13796,-200.0
13797,-200.0
13798,-154.0
13799,-163.0
13800,-129.0
13801,-170.0
13802,-200.0
13803,-137.0
13804,-136.0
13805,-131.0
13806,-200.0
13807,-128.0
13808,-136.0
13809,-128.0
13810,-134.0
13811,-134.0
13812,-169.0
13813,-153.0
13814,-147.0
13815,-129.0
13816,-130.0
13817,-165.0
13818,-156.0
13819,-171.0
13820,-170.0
13821,-129.0
13822,-159.0
13823,-162.0
13824,-133.0
13825,-200.0
13826,-138.0
13827,-153.0
13828,-181.0
13829,-137.0
13830,-130.0
13831,-176.0
13832,-200.0
13833,-151.0
13834,-171.0
13835,-136.0
13836,-163.0
13837,-158.0
13838,-200.0
13839,-160.0
13840,-172.0
13841,-200.0
13842,-166.0
13843,-196.0
13844,-148.0
13845,-137.0
13846,-200.0
13847,-162.0
13848,-164.0
13849,-158.0
13850,-133.0
13851,-165.0
13852,-166.0
13853,-200.0
13854,-197.0
13855,-148.0
13856,-135.0
13857,-200.0
13858,-133.0
13859,-184.0
13860,-160.0
13861,-194.0
13862,-200.0
13863,-200.0
13864,-150.0
13865,-134.0
13866,-200.0
13867,-200.0
13868,-161.0
13869,-199.0
13870,-200.0
13871,-170.0
13872,-199.0
13873,-200.0
13874,-200.0
13875,-200.0
13876,-162.0
13877,-200.0
13878,-200.0
13879,-191.0
13880,-200.0
13881,-200.0
13882,-163.0
13883,-169.0
13884,-200.0
13885,-197.0
13886,-158.0
13887,-189.0
13888,-200.0
13889,-200.0
13890,-141.0
13891,-200.0
13892,-160.0
13893,-200.0
13894,-139.0
13895,-200.0
13896,-188.0
13897,-188.0
13898,-200.0
13899,-197.0
13900,-148.0
13901,-141.0
13902,-142.0
13903,-135.0
13904,-196.0
13905,-196.0
13906,-153.0
13907,-150.0
13908,-200.0
13909,-200.0
13910,-194.0
13911,-183.0
13912,-169.0
13913,-200.0
13914,-185.0
13915,-183.0
13916,-189.0
13917,-200.0
13918,-182.0
13919,-183.0
13920,-177.0
13921,-168.0
13922,-183.0
13923,-200.0
13924,-200.0
13925,-184.0
13926,-185.0
13927,-200.0
13928,-187.0
13929,-200.0
13930,-187.0
13931,-189.0
13932,-194.0
13933,-192.0
13934,-198.0
13935,-200.0
13936,-195.0
13937,-190.0
13938,-190.0
13939,-187.0
13940,-188.0
13941,-182.0
13942,-180.0
13943,-186.0
13944,-189.0
13945,-200.0
13946,-191.0
13947,-200.0
13948,-173.0
13949,-193.0
13950,-193.0
13951,-176.0
13952,-191.0
13953,-183.0
13954,-185.0
13955,-179.0
13956,-174.0
13957,-187.0
13958,-180.0
13959,-182.0
13960,-188.0
13961,-186.0
13962,-189.0
13963,-183.0
13964,-185.0
13965,-179.0
13966,-182.0
13967,-189.0
13968,-182.0
13969,-200.0
13970,-180.0
13971,-187.0
13972,-175.0
13973,-193.0
13974,-193.0
13975,-196.0
13976,-193.0
13977,-194.0
13978,-174.0
13979,-171.0
13980,-174.0
13981,-163.0
13982,-177.0
13983,-186.0
13984,-190.0
13985,-172.0
13986,-186.0
13987,-186.0
13988,-170.0
13989,-189.0
13990,-193.0
13991,-193.0
13992,-198.0
13993,-194.0
13994,-199.0
13995,-196.0
13996,-194.0
13997,-192.0
13998,-191.0
13999,-179.0
14000,-182.0
14001,-191.0
14002,-176.0
14003,-171.0
14004,-189.0
14005,-174.0
14006,-197.0
14007,-175.0
14008,-175.0
14009,-192.0
14010,-190.0
14011,-194.0
14012,-175.0
14013,-200.0
14014,-197.0
14015,-176.0
14016,-173.0
14017,-176.0
14018,-176.0
14019,-188.0
14020,-193.0
14021,-188.0
14022,-186.0
14023,-182.0
14024,-181.0
14025,-186.0
14026,-175.0
14027,-184.0
14028,-179.0
14029,-175.0
14030,-193.0
14031,-175.0
14032,-200.0
14033,-182.0
14034,-170.0
14035,-196.0
14036,-171.0
14037,-200.0
14038,-178.0
14039,-180.0
14040,-176.0
14041,-178.0
14042,-176.0
14043,-184.0
14044,-179.0
14045,-185.0
14046,-180.0
14047,-171.0
14048,-177.0
14049,-174.0
14050,-175.0
14051,-175.0
14052,-170.0
14053,-177.0
14054,-181.0
14055,-200.0
14056,-182.0
14057,-175.0
14058,-182.0
14059,-179.0
14060,-194.0
14061,-188.0
14062,-174.0
14063,-177.0
14064,-176.0
14065,-182.0
14066,-172.0
14067,-179.0
14068,-178.0
14069,-189.0
14070,-174.0
14071,-181.0
14072,-181.0
14073,-175.0
14074,-198.0
14075,-186.0
14076,-189.0
14077,-198.0
14078,-196.0
14079,-175.0
14080,-173.0
14081,-177.0
14082,-171.0
14083,-178.0
14084,-182.0
14085,-179.0
14086,-180.0
14087,-178.0
14088,-172.0
14089,-195.0
14090,-182.0
14091,-177.0
14092,-174.0
14093,-181.0
14094,-175.0
14095,-173.0
14096,-176.0
14097,-171.0
14098,-175.0
14099,-187.0
14100,-181.0
14101,-196.0
14102,-191.0
14103,-173.0
14104,-174.0
14105,-191.0
14106,-193.0
14107,-196.0
14108,-198.0
14109,-199.0
14110,-184.0
14111,-179.0
14112,-176.0
14113,-190.0
14114,-127.0
14115,-185.0
14116,-128.0
14117,-118.0
14118,-125.0
14119,-186.0
14120,-180.0
14121,-173.0
14122,-124.0
14123,-125.0
14124,-175.0
14125,-121.0
14126,-125.0
14127,-196.0
14128,-118.0
14129,-179.0
14130,-180.0
14131,-188.0
14132,-117.0
14133,-117.0
14134,-122.0
14135,-182.0
14136,-192.0
14137,-177.0
14138,-120.0
14139,-119.0
14140,-186.0
14141,-117.0
14142,-182.0
14143,-188.0
14144,-179.0
14145,-179.0
14146,-183.0
14147,-179.0
14148,-182.0
14149,-178.0
14150,-183.0
14151,-177.0
14152,-180.0
14153,-174.0
14154,-178.0
14155,-175.0
14156,-182.0
14157,-192.0
14158,-182.0
14159,-183.0
14160,-179.0
14161,-181.0
14162,-181.0
14163,-180.0
14164,-176.0
14165,-173.0
14166,-192.0
14167,-175.0
14168,-175.0
14169,-177.0
14170,-168.0
14171,-176.0
14172,-182.0
14173,-175.0
14174,-168.0
14175,-176.0
14176,-168.0
14177,-175.0
14178,-173.0
14179,-149.0
14180,-164.0
14181,-175.0
14182,-177.0
14183,-168.0
14184,-164.0
14185,-182.0
14186,-181.0
14187,-179.0
14188,-176.0
14189,-167.0
14190,-180.0
14191,-182.0
14192,-177.0
14193,-178.0
14194,-191.0
14195,-184.0
14196,-179.0
14197,-189.0
14198,-181.0
14199,-183.0
14200,-187.0
14201,-172.0
14202,-188.0
14203,-179.0
14204,-177.0
14205,-178.0
14206,-177.0
14207,-167.0
14208,-175.0
14209,-172.0
14210,-178.0
14211,-182.0
14212,-181.0
14213,-179.0
14214,-185.0
14215,-172.0
14216,-171.0
14217,-200.0
14218,-174.0
14219,-169.0
14220,-170.0
14221,-165.0
14222,-172.0
14223,-165.0
14224,-169.0
14225,-180.0
14226,-183.0
14227,-172.0
14228,-167.0
14229,-181.0
14230,-170.0
14231,-167.0
14232,-179.0
14233,-162.0
14234,-200.0
14235,-172.0
14236,-171.0
14237,-170.0
14238,-177.0
14239,-180.0
14240,-180.0
14241,-183.0
14242,-179.0
14243,-186.0
14244,-188.0
14245,-194.0
14246,-190.0
14247,-185.0
14248,-185.0
14249,-200.0
14250,-190.0
14251,-178.0
14252,-187.0
14253,-192.0
14254,-180.0
14255,-179.0
14256,-176.0
14257,-190.0
14258,-181.0
14259,-185.0
14260,-186.0
14261,-187.0
14262,-176.0
14263,-200.0
14264,-184.0
14265,-172.0
14266,-144.0
14267,-200.0
14268,-200.0
14269,-185.0
14270,-143.0
14271,-187.0
14272,-187.0
14273,-182.0
14274,-155.0
14275,-155.0
14276,-149.0
14277,-156.0
14278,-142.0
14279,-186.0
14280,-141.0
14281,-156.0
14282,-185.0
14283,-145.0
14284,-157.0
14285,-185.0
14286,-188.0
14287,-183.0
14288,-182.0
14289,-178.0
14290,-183.0
14291,-191.0
14292,-179.0
14293,-179.0
14294,-154.0
14295,-142.0
14296,-177.0
14297,-177.0
14298,-150.0
14299,-177.0
14300,-143.0
14301,-142.0
14302,-180.0
14303,-184.0
14304,-188.0
14305,-183.0
14306,-141.0
14307,-141.0
14308,-200.0
14309,-188.0
14310,-141.0
14311,-200.0
14312,-189.0
14313,-140.0
14314,-183.0
14315,-200.0
14316,-142.0
14317,-118.0
14318,-115.0
14319,-142.0
14320,-115.0
14321,-115.0
14322,-116.0
14323,-143.0
14324,-151.0
14325,-119.0
14326,-155.0
14327,-117.0
14328,-116.0
14329,-142.0
14330,-143.0
14331,-155.0
14332,-117.0
14333,-141.0
14334,-116.0
14335,-153.0
14336,-117.0
14337,-141.0
14338,-145.0
14339,-144.0
14340,-154.0
14341,-143.0
14342,-141.0
14343,-147.0
14344,-143.0
14345,-144.0
14346,-144.0
14347,-151.0
14348,-146.0
14349,-117.0
14350,-151.0
14351,-119.0
14352,-117.0
14353,-139.0
14354,-117.0
14355,-115.0
14356,-116.0
14357,-153.0
14358,-143.0
14359,-119.0
14360,-139.0
14361,-144.0
14362,-142.0
14363,-152.0
14364,-146.0
14365,-145.0
14366,-151.0
14367,-154.0
14368,-115.0
14369,-115.0
14370,-146.0
14371,-142.0
14372,-139.0
14373,-115.0
14374,-115.0
14375,-114.0
14376,-114.0
14377,-147.0
14378,-157.0
14379,-114.0
14380,-145.0
14381,-156.0
14382,-114.0
14383,-145.0
14384,-115.0
14385,-115.0
14386,-148.0
14387,-114.0
14388,-141.0
14389,-113.0
14390,-113.0
14391,-117.0
14392,-145.0
14393,-135.0
14394,-115.0
14395,-145.0
14396,-141.0
14397,-134.0
14398,-144.0
14399,-115.0
14400,-133.0
14401,-144.0
14402,-114.0
14403,-114.0
14404,-113.0
14405,-114.0
14406,-114.0
14407,-150.0
14408,-154.0
14409,-143.0
14410,-146.0
14411,-115.0
14412,-145.0
14413,-145.0
14414,-115.0
14415,-150.0
14416,-148.0
14417,-144.0
14418,-116.0
14419,-114.0
14420,-115.0
14421,-143.0
14422,-144.0
14423,-159.0
14424,-155.0
14425,-114.0
14426,-114.0
14427,-116.0
14428,-115.0
14429,-149.0
14430,-148.0
14431,-114.0
14432,-147.0
14433,-143.0
14434,-134.0
14435,-116.0
14436,-115.0
14437,-114.0
14438,-152.0
14439,-114.0
14440,-114.0
14441,-114.0
14442,-167.0
14443,-157.0
14444,-116.0
14445,-146.0
14446,-165.0
14447,-114.0
14448,-114.0
14449,-114.0
14450,-146.0
14451,-156.0
14452,-115.0
14453,-115.0
14454,-115.0
14455,-165.0
14456,-147.0
14457,-144.0
14458,-114.0
14459,-155.0
14460,-148.0
14461,-114.0
14462,-143.0
14463,-144.0
14464,-148.0
14465,-158.0
14466,-147.0
14467,-146.0
14468,-146.0
14469,-155.0
14470,-116.0
14471,-116.0
14472,-114.0
14473,-141.0
14474,-145.0
14475,-147.0
14476,-147.0
14477,-148.0
14478,-116.0
14479,-159.0
14480,-146.0
14481,-148.0
14482,-147.0
14483,-158.0
14484,-115.0
14485,-152.0
14486,-150.0
14487,-115.0
14488,-158.0
14489,-151.0
14490,-151.0
14491,-114.0
14492,-117.0
14493,-152.0
14494,-115.0
14495,-149.0
14496,-151.0
14497,-161.0
14498,-154.0
14499,-114.0
14500,-151.0
14501,-113.0
14502,-147.0
14503,-114.0
14504,-114.0
14505,-147.0
14506,-114.0
14507,-149.0
14508,-149.0
14509,-150.0
14510,-116.0
14511,-116.0
14512,-116.0
14513,-113.0
14514,-115.0
14515,-152.0
14516,-114.0
14517,-152.0
14518,-114.0
14519,-114.0
14520,-153.0
14521,-163.0
14522,-153.0
14523,-114.0
14524,-149.0
14525,-113.0
14526,-151.0
14527,-115.0
14528,-162.0
14529,-147.0
14530,-157.0
14531,-150.0
14532,-148.0
14533,-114.0
14534,-149.0
14535,-114.0
14536,-156.0
14537,-165.0
14538,-173.0
14539,-154.0
14540,-114.0
14541,-113.0
14542,-114.0
14543,-151.0
14544,-148.0
14545,-167.0
14546,-147.0
14547,-115.0
14548,-115.0
14549,-163.0
14550,-114.0
14551,-115.0
14552,-114.0
14553,-151.0
14554,-151.0
14555,-116.0
14556,-147.0
14557,-114.0
14558,-113.0
14559,-116.0
14560,-156.0
14561,-138.0
14562,-157.0
14563,-142.0
14564,-114.0
14565,-136.0
14566,-151.0
14567,-154.0
14568,-121.0
14569,-121.0
14570,-150.0
14571,-114.0
14572,-114.0
14573,-153.0
14574,-164.0
14575,-146.0
14576,-146.0
14577,-114.0
14578,-161.0
14579,-114.0
14580,-164.0
14581,-149.0
14582,-147.0
14583,-156.0
14584,-149.0
14585,-148.0
14586,-115.0
14587,-116.0
14588,-147.0
14589,-144.0
14590,-116.0
14591,-114.0
14592,-131.0
14593,-114.0
14594,-170.0
14595,-117.0
14596,-142.0
14597,-115.0
14598,-114.0
14599,-114.0
14600,-113.0
14601,-116.0
14602,-114.0
14603,-115.0
14604,-176.0
14605,-178.0
14606,-176.0
14607,-178.0
14608,-114.0
14609,-173.0
14610,-114.0
14611,-114.0
14612,-114.0
14613,-115.0
14614,-116.0
14615,-172.0
14616,-173.0
14617,-173.0
14618,-175.0
14619,-171.0
14620,-177.0
14621,-171.0
14622,-115.0
14623,-177.0
14624,-115.0
14625,-182.0
14626,-178.0
14627,-111.0
14628,-128.0
14629,-173.0
14630,-115.0
14631,-114.0
14632,-115.0
14633,-118.0
14634,-116.0
14635,-177.0
14636,-116.0
14637,-110.0
14638,-114.0
14639,-174.0
14640,-115.0
14641,-115.0
14642,-177.0
14643,-115.0
14644,-111.0
14645,-114.0
14646,-114.0
14647,-186.0
14648,-176.0
14649,-115.0
14650,-188.0
14651,-173.0
14652,-115.0
14653,-191.0
14654,-114.0
14655,-114.0
14656,-176.0
14657,-115.0
14658,-114.0
14659,-177.0
14660,-182.0
14661,-200.0
14662,-114.0
14663,-115.0
14664,-172.0
14665,-190.0
14666,-114.0
14667,-170.0
14668,-114.0
14669,-110.0
14670,-110.0
14671,-114.0
14672,-175.0
14673,-118.0
14674,-115.0
14675,-115.0
14676,-156.0
14677,-115.0
14678,-178.0
14679,-176.0
14680,-187.0
14681,-180.0
14682,-176.0
14683,-187.0
14684,-175.0
14685,-176.0
14686,-114.0
14687,-176.0
14688,-167.0
14689,-114.0
14690,-171.0
14691,-176.0
14692,-173.0
14693,-116.0
14694,-114.0
14695,-115.0
14696,-170.0
14697,-114.0
14698,-114.0
14699,-114.0
14700,-114.0
14701,-115.0
14702,-114.0
14703,-154.0
14704,-116.0
14705,-115.0
14706,-115.0
14707,-168.0
14708,-114.0
14709,-172.0
14710,-114.0
14711,-185.0
14712,-171.0
14713,-116.0
14714,-173.0
14715,-114.0
14716,-115.0
14717,-114.0
14718,-176.0
14719,-115.0
14720,-185.0
14721,-114.0
14722,-173.0
14723,-170.0
14724,-175.0
14725,-169.0
14726,-115.0
14727,-171.0
14728,-177.0
14729,-184.0
14730,-171.0
14731,-172.0
14732,-176.0
14733,-115.0
14734,-115.0
14735,-172.0
14736,-116.0
14737,-115.0
14738,-171.0
14739,-172.0
14740,-114.0
14741,-114.0
14742,-173.0
14743,-117.0
14744,-115.0
14745,-112.0
14746,-113.0
14747,-178.0
14748,-176.0
14749,-115.0
14750,-114.0
14751,-114.0
14752,-114.0
14753,-115.0
14754,-114.0
14755,-173.0
14756,-115.0
14757,-173.0
14758,-174.0
14759,-171.0
14760,-115.0
14761,-115.0
14762,-115.0
14763,-114.0
14764,-112.0
14765,-115.0
14766,-172.0
14767,-114.0
14768,-172.0
14769,-115.0
14770,-114.0
14771,-115.0
14772,-114.0
14773,-115.0
14774,-114.0
14775,-172.0
14776,-178.0
14777,-174.0
14778,-169.0
14779,-170.0
14780,-168.0
14781,-114.0
14782,-116.0
14783,-109.0
14784,-115.0
14785,-114.0
14786,-114.0
14787,-114.0
14788,-172.0
14789,-114.0
14790,-109.0
14791,-175.0
14792,-115.0
14793,-114.0
14794,-173.0
14795,-115.0
14796,-114.0
14797,-173.0
14798,-117.0
14799,-115.0
14800,-114.0
14801,-114.0
14802,-115.0
14803,-174.0
14804,-193.0
14805,-115.0
14806,-169.0
14807,-170.0
14808,-117.0
14809,-114.0
14810,-108.0
14811,-113.0
14812,-114.0
14813,-114.0
14814,-114.0
14815,-110.0
14816,-116.0
14817,-188.0
14818,-188.0
14819,-127.0
14820,-115.0
14821,-148.0
14822,-114.0
14823,-114.0
14824,-114.0
14825,-115.0
14826,-115.0
14827,-183.0
14828,-113.0
14829,-115.0
14830,-114.0
14831,-115.0
14832,-113.0
14833,-115.0
14834,-114.0
14835,-132.0
14836,-112.0
14837,-181.0
14838,-113.0
14839,-115.0
14840,-183.0
14841,-189.0
14842,-119.0
14843,-116.0
14844,-113.0
14845,-115.0
14846,-115.0
14847,-116.0
14848,-114.0
14849,-129.0
14850,-116.0
14851,-114.0
14852,-114.0
14853,-115.0
14854,-116.0
14855,-116.0
14856,-113.0
14857,-115.0
14858,-114.0
14859,-117.0
14860,-115.0
14861,-182.0
14862,-115.0
14863,-200.0
14864,-115.0
14865,-113.0
14866,-114.0
14867,-115.0
14868,-185.0
14869,-113.0
14870,-114.0
14871,-115.0
14872,-185.0
14873,-186.0
14874,-113.0
14875,-114.0
14876,-114.0
14877,-116.0
14878,-115.0
14879,-116.0
14880,-114.0
14881,-163.0
14882,-165.0
14883,-117.0
14884,-114.0
14885,-187.0
14886,-118.0
14887,-131.0
14888,-115.0
14889,-115.0
14890,-123.0
14891,-183.0
14892,-185.0
14893,-115.0
14894,-181.0
14895,-116.0
14896,-114.0
14897,-115.0
14898,-185.0
14899,-115.0
14900,-114.0
14901,-115.0
14902,-114.0
14903,-116.0
14904,-185.0
14905,-186.0
14906,-114.0
14907,-114.0
14908,-187.0
14909,-115.0
14910,-114.0
14911,-116.0
14912,-114.0
14913,-114.0
14914,-114.0
14915,-115.0
14916,-115.0
14917,-115.0
14918,-183.0
14919,-115.0
14920,-179.0
14921,-192.0
14922,-116.0
14923,-114.0
14924,-114.0
14925,-115.0
14926,-113.0
14927,-116.0
14928,-115.0
14929,-114.0
14930,-114.0
14931,-114.0
14932,-115.0
14933,-181.0
14934,-114.0
14935,-119.0
14936,-115.0
14937,-116.0
14938,-115.0
14939,-188.0
14940,-107.0
14941,-109.0
14942,-113.0
14943,-115.0
14944,-114.0
14945,-177.0
14946,-169.0
14947,-115.0
14948,-120.0
14949,-115.0
14950,-114.0
14951,-113.0
14952,-111.0
14953,-114.0
14954,-115.0
14955,-179.0
14956,-115.0
14957,-112.0
14958,-115.0
14959,-115.0
14960,-114.0
14961,-115.0
14962,-114.0
14963,-188.0
14964,-111.0
14965,-115.0
14966,-114.0
14967,-114.0
14968,-177.0
14969,-131.0
14970,-114.0
14971,-179.0
14972,-116.0
14973,-115.0
14974,-115.0
14975,-190.0
14976,-114.0
14977,-109.0
14978,-114.0
14979,-116.0
14980,-109.0
14981,-182.0
14982,-115.0
14983,-115.0
14984,-115.0
14985,-115.0
14986,-115.0
14987,-116.0
14988,-194.0
14989,-115.0
14990,-113.0
14991,-116.0
14992,-115.0
14993,-113.0
14994,-117.0
14995,-200.0
14996,-116.0
14997,-112.0
14998,-117.0
14999,-121.0
15000,-115.0
15001,-114.0
15002,-114.0
15003,-140.0
15004,-182.0
15005,-115.0
15006,-108.0
15007,-180.0
15008,-116.0
15009,-115.0
15010,-119.0
15011,-114.0
15012,-117.0
15013,-114.0
15014,-115.0
15015,-176.0
15016,-188.0
15017,-177.0
15018,-117.0
15019,-181.0
15020,-113.0
15021,-115.0
15022,-115.0
15023,-116.0
15024,-140.0
15025,-187.0
15026,-115.0
15027,-123.0
15028,-114.0
15029,-148.0
15030,-200.0
15031,-147.0
15032,-183.0
15033,-114.0
15034,-114.0
15035,-116.0
15036,-115.0
15037,-113.0
15038,-111.0
15039,-112.0
15040,-170.0
15041,-116.0
15042,-115.0
15043,-186.0
15044,-114.0
15045,-186.0
15046,-178.0
15047,-115.0
15048,-116.0
15049,-112.0
15050,-185.0
15051,-183.0
15052,-113.0
15053,-112.0
15054,-113.0
15055,-114.0
15056,-113.0
15057,-110.0
15058,-112.0
15059,-110.0
15060,-179.0
15061,-155.0
15062,-114.0
15063,-115.0
15064,-114.0
15065,-111.0
15066,-150.0
15067,-114.0
15068,-151.0
15069,-112.0
15070,-149.0
15071,-111.0
15072,-150.0
15073,-147.0
15074,-149.0
15075,-158.0
15076,-147.0
15077,-148.0
15078,-146.0
15079,-149.0
15080,-118.0
15081,-139.0
15082,-113.0
15083,-148.0
15084,-114.0
15085,-112.0
15086,-113.0
15087,-149.0
15088,-112.0
15089,-161.0
15090,-111.0
15091,-113.0
15092,-113.0
15093,-113.0
15094,-112.0
15095,-147.0
15096,-113.0
15097,-160.0
15098,-148.0
15099,-147.0
15100,-112.0
15101,-112.0
15102,-161.0
15103,-113.0
15104,-139.0
15105,-147.0
15106,-150.0
15107,-149.0
15108,-157.0
15109,-113.0
15110,-147.0
15111,-148.0
15112,-147.0
15113,-114.0
15114,-146.0
15115,-146.0
15116,-147.0
15117,-112.0
15118,-113.0
15119,-147.0
15120,-157.0
15121,-113.0
15122,-154.0
15123,-115.0
15124,-112.0
15125,-113.0
15126,-148.0
15127,-140.0
15128,-148.0
15129,-112.0
15130,-112.0
15131,-147.0
15132,-148.0
15133,-137.0
15134,-148.0
15135,-150.0
15136,-145.0
15137,-112.0
15138,-112.0
15139,-112.0
15140,-150.0
15141,-154.0
15142,-119.0
15143,-112.0
15144,-150.0
15145,-113.0
15146,-113.0
15147,-144.0
15148,-147.0
15149,-112.0
15150,-150.0
15151,-145.0
15152,-163.0
15153,-157.0
15154,-146.0
15155,-143.0
15156,-112.0
15157,-114.0
15158,-114.0
15159,-114.0
15160,-112.0
15161,-110.0
15162,-170.0
15163,-113.0
15164,-112.0
15165,-112.0
15166,-112.0
15167,-111.0
15168,-112.0
15169,-160.0
15170,-112.0
15171,-162.0
15172,-112.0
15173,-112.0
15174,-149.0
15175,-152.0
15176,-150.0
15177,-148.0
15178,-113.0
15179,-114.0
15180,-145.0
15181,-152.0
15182,-167.0
15183,-146.0
15184,-158.0
15185,-111.0
15186,-142.0
15187,-112.0
15188,-149.0
15189,-112.0
15190,-112.0
15191,-156.0
15192,-111.0
15193,-113.0
15194,-142.0
15195,-115.0
15196,-148.0
15197,-145.0
15198,-113.0
15199,-155.0
15200,-157.0
15201,-142.0
15202,-160.0
15203,-114.0
15204,-142.0
15205,-113.0
15206,-112.0
15207,-142.0
15208,-112.0
15209,-144.0
15210,-147.0
15211,-151.0
15212,-141.0
15213,-140.0
15214,-144.0
15215,-143.0
15216,-154.0
15217,-154.0
15218,-113.0
15219,-144.0
15220,-113.0
15221,-143.0
15222,-144.0
15223,-112.0
15224,-111.0
15225,-113.0
15226,-150.0
15227,-145.0
15228,-144.0
15229,-143.0
15230,-160.0
15231,-142.0
15232,-144.0
15233,-112.0
15234,-145.0
15235,-114.0
15236,-153.0
15237,-160.0
15238,-147.0
15239,-112.0
15240,-112.0
15241,-143.0
15242,-145.0
15243,-158.0
15244,-146.0
15245,-144.0
15246,-154.0
15247,-112.0
15248,-144.0
15249,-156.0
15250,-143.0
15251,-113.0
15252,-113.0
15253,-144.0
15254,-112.0
15255,-156.0
15256,-112.0
15257,-151.0
15258,-113.0
15259,-112.0
15260,-113.0
15261,-112.0
15262,-156.0
15263,-146.0
15264,-113.0
15265,-112.0
15266,-112.0
15267,-112.0
15268,-144.0
15269,-143.0
15270,-140.0
15271,-112.0
15272,-143.0
15273,-113.0
15274,-152.0
15275,-112.0
15276,-143.0
15277,-113.0
15278,-156.0
15279,-150.0
15280,-113.0
15281,-148.0
15282,-144.0
15283,-144.0
15284,-143.0
15285,-111.0
15286,-144.0
15287,-115.0
15288,-145.0
15289,-143.0
15290,-113.0
15291,-144.0
15292,-144.0
15293,-137.0
15294,-112.0
15295,-142.0
15296,-151.0
15297,-112.0
15298,-155.0
15299,-140.0
15300,-112.0
15301,-112.0
15302,-112.0
15303,-111.0
15304,-112.0
15305,-113.0
15306,-157.0
15307,-145.0
15308,-112.0
15309,-140.0
15310,-113.0
15311,-145.0
15312,-145.0
15313,-153.0
15314,-146.0
15315,-113.0
15316,-158.0
15317,-143.0
15318,-155.0
15319,-112.0
15320,-154.0
15321,-144.0
15322,-112.0
15323,-113.0
15324,-144.0
15325,-113.0
15326,-113.0
15327,-144.0
15328,-113.0
15329,-113.0
15330,-149.0
15331,-112.0
15332,-146.0
15333,-145.0
15334,-155.0
15335,-154.0
15336,-113.0
15337,-113.0
15338,-144.0
15339,-112.0
15340,-112.0
15341,-156.0
15342,-143.0
15343,-143.0
15344,-156.0
15345,-112.0
15346,-145.0
15347,-112.0
15348,-145.0
15349,-143.0
15350,-113.0
15351,-143.0
15352,-145.0
15353,-111.0
15354,-140.0
15355,-156.0
15356,-143.0
15357,-143.0
15358,-113.0
15359,-144.0
15360,-146.0
15361,-145.0
15362,-113.0
15363,-144.0
15364,-145.0
15365,-146.0
15366,-152.0
15367,-113.0
15368,-112.0
15369,-155.0
15370,-113.0
15371,-144.0
15372,-111.0
15373,-112.0
15374,-146.0
15375,-145.0
15376,-148.0
15377,-144.0
15378,-121.0
15379,-157.0
15380,-110.0
15381,-112.0
15382,-149.0
15383,-112.0
15384,-151.0
15385,-112.0
15386,-162.0
15387,-160.0
15388,-148.0
15389,-112.0
15390,-156.0
15391,-158.0
15392,-152.0
15393,-146.0
15394,-144.0
15395,-152.0
15396,-145.0
15397,-162.0
15398,-151.0
15399,-112.0
15400,-149.0
15401,-145.0
15402,-147.0
15403,-158.0
15404,-112.0
15405,-147.0
15406,-112.0
15407,-111.0
15408,-147.0
15409,-113.0
15410,-112.0
15411,-146.0
15412,-112.0
15413,-112.0
15414,-111.0
15415,-149.0
15416,-166.0
15417,-149.0
15418,-114.0
15419,-151.0
15420,-117.0
15421,-144.0
15422,-112.0
15423,-112.0
15424,-112.0
15425,-146.0
15426,-162.0
15427,-113.0
15428,-114.0
15429,-112.0
15430,-112.0
15431,-148.0
15432,-148.0
15433,-150.0
15434,-156.0
15435,-155.0
15436,-112.0
15437,-148.0
15438,-146.0
15439,-113.0
15440,-154.0
15441,-112.0
15442,-152.0
15443,-112.0
15444,-153.0
15445,-114.0
15446,-149.0
15447,-149.0
15448,-150.0
15449,-113.0
15450,-111.0
15451,-112.0
15452,-150.0
15453,-111.0
15454,-151.0
15455,-156.0
15456,-112.0
15457,-113.0
15458,-161.0
15459,-112.0
15460,-113.0
15461,-113.0
15462,-112.0
15463,-147.0
15464,-113.0
15465,-152.0
15466,-149.0
15467,-146.0
15468,-151.0
15469,-165.0
15470,-163.0
15471,-113.0
15472,-146.0
15473,-152.0
15474,-151.0
15475,-150.0
15476,-147.0
15477,-112.0
15478,-114.0
15479,-153.0
15480,-122.0
15481,-112.0
15482,-148.0
15483,-113.0
15484,-112.0
15485,-113.0
15486,-151.0
15487,-162.0
15488,-113.0
15489,-113.0
15490,-169.0
15491,-112.0
15492,-111.0
15493,-149.0
15494,-112.0
15495,-113.0
15496,-140.0
15497,-148.0
15498,-113.0
15499,-112.0
15500,-113.0
15501,-148.0
15502,-113.0
15503,-152.0
15504,-125.0
15505,-148.0
15506,-112.0
15507,-112.0
15508,-112.0
15509,-111.0
15510,-112.0
15511,-149.0
15512,-153.0
15513,-154.0
15514,-114.0
15515,-150.0
15516,-112.0
15517,-151.0
15518,-113.0
15519,-151.0
15520,-113.0
15521,-114.0
15522,-113.0
15523,-113.0
15524,-151.0
15525,-156.0
15526,-113.0
15527,-152.0
15528,-112.0
15529,-112.0
15530,-112.0
15531,-144.0
15532,-112.0
15533,-162.0
15534,-149.0
15535,-112.0
15536,-163.0
15537,-152.0
15538,-140.0
15539,-162.0
15540,-149.0
15541,-151.0
15542,-113.0
15543,-113.0
15544,-115.0
15545,-150.0
15546,-114.0
15547,-114.0
15548,-115.0
15549,-150.0
15550,-170.0
15551,-151.0
15552,-151.0
15553,-113.0
15554,-150.0
15555,-113.0
15556,-114.0
15557,-115.0
15558,-114.0
15559,-152.0
15560,-151.0
15561,-141.0
15562,-113.0
15563,-152.0
15564,-113.0
15565,-115.0
15566,-113.0
15567,-115.0
15568,-114.0
15569,-153.0
15570,-113.0
15571,-114.0
15572,-168.0
15573,-114.0
15574,-113.0
15575,-149.0
15576,-113.0
15577,-150.0
15578,-146.0
15579,-114.0
15580,-114.0
15581,-152.0
15582,-152.0
15583,-147.0
15584,-114.0
15585,-148.0
15586,-154.0
15587,-113.0
15588,-169.0
15589,-112.0
15590,-150.0
15591,-113.0
15592,-114.0
15593,-148.0
15594,-150.0
15595,-113.0
15596,-152.0
15597,-155.0
15598,-155.0
15599,-112.0
15600,-148.0
15601,-113.0
15602,-151.0
15603,-154.0
15604,-159.0
15605,-113.0
15606,-114.0
15607,-142.0
15608,-143.0
15609,-166.0
15610,-114.0
15611,-116.0
15612,-155.0
15613,-117.0
15614,-153.0
15615,-153.0
15616,-111.0
15617,-109.0
15618,-113.0
15619,-169.0
15620,-175.0
15621,-114.0
15622,-112.0
15623,-114.0
15624,-113.0
15625,-173.0
15626,-111.0
15627,-177.0
15628,-156.0
15629,-112.0
15630,-113.0
15631,-113.0
15632,-112.0
15633,-174.0
15634,-112.0
15635,-111.0
15636,-113.0
15637,-112.0
15638,-112.0
15639,-112.0
15640,-110.0
15641,-113.0
15642,-112.0
15643,-170.0
15644,-112.0
15645,-111.0
15646,-165.0
15647,-164.0
15648,-113.0
15649,-114.0
15650,-171.0
15651,-111.0
15652,-168.0
15653,-113.0
15654,-113.0
15655,-112.0
15656,-169.0
15657,-114.0
15658,-114.0
15659,-113.0
15660,-169.0
15661,-112.0
15662,-161.0
15663,-110.0
15664,-162.0
15665,-112.0
15666,-149.0
15667,-112.0
15668,-174.0
15669,-112.0
15670,-162.0
15671,-169.0
15672,-180.0
15673,-174.0
15674,-166.0
15675,-116.0
15676,-113.0
15677,-113.0
15678,-113.0
15679,-113.0
15680,-115.0
15681,-198.0
15682,-179.0
15683,-112.0
15684,-113.0
15685,-114.0
15686,-113.0
15687,-174.0
15688,-109.0
15689,-112.0
15690,-111.0
15691,-113.0
15692,-111.0
15693,-183.0
15694,-113.0
15695,-111.0
15696,-114.0
15697,-113.0
15698,-109.0
15699,-173.0
15700,-114.0
15701,-113.0
15702,-109.0
15703,-108.0
15704,-113.0
15705,-112.0
15706,-119.0
15707,-174.0
15708,-112.0
15709,-112.0
15710,-180.0
15711,-181.0
15712,-115.0
15713,-172.0
15714,-112.0
15715,-113.0
15716,-183.0
15717,-173.0
15718,-112.0
15719,-174.0
15720,-113.0
15721,-113.0
15722,-179.0
15723,-113.0
15724,-110.0
15725,-113.0
15726,-200.0
15727,-113.0
15728,-181.0
15729,-117.0
15730,-113.0
15731,-112.0
15732,-120.0
15733,-113.0
15734,-114.0
15735,-186.0
15736,-113.0
15737,-113.0
15738,-114.0
15739,-113.0
15740,-114.0
15741,-115.0
15742,-113.0
15743,-180.0
15744,-120.0
15745,-177.0
15746,-113.0
15747,-114.0
15748,-114.0
15749,-110.0
15750,-114.0
15751,-116.0
15752,-118.0
15753,-116.0
15754,-122.0
15755,-115.0
15756,-115.0
15757,-124.0
15758,-115.0
15759,-116.0
15760,-113.0
15761,-113.0
15762,-115.0
15763,-112.0
15764,-117.0
15765,-116.0
15766,-119.0
15767,-108.0
15768,-112.0
15769,-139.0
15770,-114.0
15771,-114.0
15772,-114.0
15773,-113.0
15774,-182.0
15775,-114.0
15776,-116.0
15777,-115.0
15778,-125.0
15779,-112.0
15780,-141.0
15781,-110.0
15782,-107.0
15783,-122.0
15784,-123.0
15785,-176.0
15786,-116.0
15787,-197.0
15788,-107.0
15789,-120.0
15790,-178.0
15791,-121.0
15792,-108.0
15793,-189.0
15794,-186.0
15795,-115.0
15796,-116.0
15797,-108.0
15798,-119.0
15799,-117.0
15800,-119.0
15801,-120.0
15802,-121.0
15803,-119.0
15804,-194.0
15805,-116.0
15806,-185.0
15807,-187.0
15808,-119.0
15809,-125.0
15810,-118.0
15811,-117.0
15812,-116.0
15813,-184.0
15814,-200.0
15815,-176.0
15816,-119.0
15817,-181.0
15818,-116.0
15819,-187.0
15820,-120.0
15821,-115.0
15822,-126.0
15823,-116.0
15824,-120.0
15825,-188.0
15826,-124.0
15827,-195.0
15828,-185.0
15829,-116.0
15830,-115.0
15831,-118.0
15832,-113.0
15833,-117.0
15834,-168.0
15835,-119.0
15836,-178.0
15837,-113.0
15838,-185.0
15839,-124.0
15840,-118.0
15841,-194.0
15842,-117.0
15843,-115.0
15844,-188.0
15845,-122.0
15846,-186.0
15847,-121.0
15848,-180.0
15849,-119.0
15850,-180.0
15851,-114.0
15852,-196.0
15853,-118.0
15854,-117.0
15855,-115.0
15856,-115.0
15857,-181.0
15858,-185.0
15859,-179.0
15860,-119.0
15861,-114.0
15862,-120.0
15863,-189.0
15864,-132.0
15865,-120.0
15866,-121.0
15867,-189.0
15868,-185.0
15869,-119.0
15870,-115.0
15871,-192.0
15872,-118.0
15873,-188.0
15874,-123.0
15875,-118.0
15876,-115.0
15877,-178.0
15878,-123.0
15879,-117.0
15880,-200.0
15881,-184.0
15882,-178.0
15883,-118.0
15884,-114.0
15885,-115.0
15886,-118.0
15887,-123.0
15888,-117.0
15889,-126.0
15890,-117.0
15891,-118.0
15892,-186.0
15893,-120.0
15894,-121.0
15895,-113.0
15896,-121.0
15897,-120.0
15898,-190.0
15899,-116.0
15900,-118.0
15901,-158.0
15902,-115.0
15903,-115.0
15904,-119.0
15905,-120.0
15906,-113.0
15907,-114.0
15908,-189.0
15909,-115.0
15910,-177.0
15911,-115.0
15912,-114.0
15913,-123.0
15914,-117.0
15915,-119.0
15916,-123.0
15917,-118.0
15918,-116.0
15919,-119.0
15920,-116.0
15921,-119.0
15922,-200.0
15923,-125.0
15924,-182.0
15925,-115.0
15926,-116.0
15927,-194.0
15928,-117.0
15929,-115.0
15930,-115.0
15931,-116.0
15932,-121.0
15933,-196.0
15934,-117.0
15935,-121.0
15936,-114.0
15937,-120.0
15938,-187.0
15939,-187.0
15940,-200.0
15941,-184.0
15942,-116.0
15943,-119.0
15944,-125.0
15945,-200.0
15946,-186.0
15947,-120.0
15948,-145.0
15949,-196.0
15950,-138.0
15951,-119.0
15952,-200.0
15953,-182.0
15954,-121.0
15955,-187.0
15956,-118.0
15957,-169.0
15958,-195.0
15959,-200.0
15960,-131.0
15961,-117.0
15962,-119.0
15963,-119.0
15964,-119.0
15965,-192.0
15966,-119.0
15967,-116.0
15968,-198.0
15969,-116.0
15970,-119.0
15971,-193.0
15972,-115.0
15973,-116.0
15974,-118.0
15975,-118.0
15976,-186.0
15977,-181.0
15978,-118.0
15979,-116.0
15980,-118.0
15981,-198.0
15982,-119.0
15983,-191.0
15984,-187.0
15985,-195.0
15986,-116.0
15987,-116.0
15988,-199.0
15989,-188.0
15990,-117.0
15991,-119.0
15992,-200.0
15993,-190.0
15994,-190.0
15995,-188.0
15996,-190.0
15997,-181.0
15998,-116.0
15999,-117.0
16000,-187.0
16001,-119.0
16002,-200.0
16003,-129.0
16004,-118.0
16005,-115.0
16006,-187.0
16007,-116.0
16008,-125.0
16009,-190.0
16010,-114.0
16011,-119.0
16012,-121.0
16013,-123.0
16014,-120.0
16015,-180.0
16016,-119.0
16017,-119.0
16018,-184.0
16019,-195.0
16020,-118.0
16021,-178.0
16022,-116.0
16023,-117.0
16024,-192.0
16025,-115.0
16026,-119.0
16027,-112.0
16028,-119.0
16029,-115.0
16030,-115.0
16031,-114.0
16032,-181.0
16033,-114.0
16034,-115.0
16035,-120.0
16036,-114.0
16037,-117.0
16038,-123.0
16039,-177.0
16040,-116.0
16041,-197.0
16042,-185.0
16043,-116.0
16044,-185.0
16045,-182.0
16046,-116.0
16047,-182.0
16048,-192.0
16049,-120.0
16050,-122.0
16051,-120.0
16052,-200.0
16053,-194.0
16054,-126.0
16055,-197.0
16056,-187.0
16057,-126.0
16058,-116.0
16059,-178.0
16060,-118.0
16061,-119.0
16062,-118.0
16063,-118.0
16064,-166.0
16065,-118.0
16066,-171.0
16067,-195.0
16068,-116.0
16069,-118.0
16070,-178.0
16071,-118.0
16072,-119.0
16073,-189.0
16074,-116.0
16075,-115.0
16076,-176.0
16077,-186.0
16078,-117.0
16079,-112.0
16080,-117.0
16081,-122.0
16082,-120.0
16083,-182.0
16084,-119.0
16085,-190.0
16086,-185.0
16087,-188.0
16088,-118.0
16089,-126.0
16090,-191.0
16091,-184.0
16092,-121.0
16093,-200.0
16094,-122.0
16095,-124.0
16096,-125.0
16097,-123.0
16098,-117.0
16099,-115.0
16100,-177.0
16101,-189.0
16102,-180.0
16103,-123.0
16104,-118.0
16105,-185.0
16106,-121.0
16107,-119.0
16108,-125.0
16109,-118.0
16110,-197.0
16111,-178.0
16112,-185.0
16113,-118.0
16114,-186.0
16115,-115.0
16116,-186.0
16117,-190.0
16118,-192.0
16119,-127.0
16120,-165.0
16121,-180.0
16122,-180.0
16123,-190.0
16124,-185.0
16125,-163.0
16126,-182.0
16127,-178.0
16128,-118.0
16129,-185.0
16130,-183.0
16131,-127.0
16132,-124.0
16133,-191.0
16134,-186.0
16135,-186.0
16136,-192.0
16137,-183.0
16138,-191.0
16139,-193.0
16140,-189.0
16141,-187.0
16142,-180.0
16143,-189.0
16144,-183.0
16145,-181.0
16146,-189.0
16147,-124.0
16148,-185.0
16149,-189.0
16150,-177.0
16151,-187.0
16152,-167.0
16153,-189.0
16154,-200.0
16155,-200.0
16156,-199.0
16157,-200.0
16158,-150.0
16159,-121.0
16160,-172.0
16161,-127.0
16162,-130.0
16163,-152.0
16164,-171.0
16165,-123.0
16166,-128.0
16167,-164.0
16168,-124.0
16169,-129.0
16170,-122.0
16171,-200.0
16172,-162.0
16173,-200.0
16174,-125.0
16175,-125.0
16176,-130.0
16177,-200.0
16178,-161.0
16179,-155.0
16180,-170.0
16181,-130.0
16182,-131.0
16183,-124.0
16184,-125.0
16185,-199.0
16186,-200.0
16187,-200.0
16188,-200.0
16189,-128.0
16190,-200.0
16191,-200.0
16192,-200.0
16193,-167.0
16194,-200.0
16195,-200.0
16196,-158.0
16197,-170.0
16198,-174.0
16199,-183.0
16200,-125.0
16201,-199.0
16202,-128.0
16203,-159.0
16204,-145.0
16205,-180.0
16206,-165.0
16207,-149.0
16208,-129.0
16209,-159.0
16210,-171.0
16211,-164.0
16212,-155.0
16213,-200.0
16214,-200.0
16215,-167.0
16216,-169.0
16217,-128.0
16218,-173.0
16219,-122.0
16220,-193.0
16221,-130.0
16222,-130.0
16223,-166.0
16224,-199.0
16225,-146.0
16226,-200.0
16227,-172.0
16228,-180.0
16229,-176.0
16230,-200.0
16231,-198.0
16232,-199.0
16233,-195.0
16234,-130.0
16235,-145.0
16236,-193.0
16237,-165.0
16238,-155.0
16239,-200.0
16240,-191.0
16241,-127.0
16242,-167.0
16243,-122.0
16244,-162.0
16245,-197.0
16246,-166.0
16247,-168.0
16248,-197.0
16249,-126.0
16250,-126.0
16251,-157.0
16252,-125.0
16253,-166.0
16254,-163.0
16255,-165.0
16256,-165.0
16257,-124.0
16258,-127.0
16259,-200.0
16260,-124.0
16261,-152.0
16262,-122.0
16263,-200.0
16264,-144.0
16265,-200.0
16266,-125.0
16267,-122.0
16268,-162.0
16269,-166.0
16270,-127.0
16271,-153.0
16272,-128.0
16273,-164.0
16274,-125.0
16275,-146.0
16276,-125.0
16277,-125.0
16278,-121.0
16279,-147.0
16280,-169.0
16281,-125.0
16282,-125.0
16283,-124.0
16284,-126.0
16285,-194.0
16286,-154.0
16287,-161.0
16288,-124.0
16289,-120.0
16290,-144.0
16291,-165.0
16292,-127.0
16293,-130.0
16294,-159.0
16295,-147.0
16296,-200.0
16297,-145.0
16298,-130.0
16299,-128.0
16300,-125.0
16301,-129.0
16302,-200.0
16303,-124.0
16304,-195.0
16305,-125.0
16306,-129.0
16307,-200.0
16308,-198.0
16309,-154.0
16310,-200.0
16311,-130.0
16312,-169.0
16313,-196.0
16314,-162.0
16315,-147.0
16316,-147.0
16317,-168.0
16318,-126.0
16319,-152.0
16320,-200.0
16321,-126.0
16322,-159.0
16323,-194.0
16324,-196.0
16325,-127.0
16326,-163.0
16327,-127.0
16328,-176.0
16329,-164.0
16330,-126.0
16331,-164.0
16332,-165.0
16333,-126.0
16334,-148.0
16335,-123.0
16336,-199.0
16337,-127.0
16338,-145.0
16339,-165.0
16340,-145.0
16341,-200.0
16342,-127.0
16343,-122.0
16344,-124.0
16345,-165.0
16346,-197.0
16347,-197.0
16348,-166.0
16349,-122.0
16350,-195.0
16351,-125.0
16352,-125.0
16353,-200.0
16354,-163.0
16355,-162.0
16356,-171.0
16357,-200.0
16358,-126.0
16359,-128.0
16360,-145.0
16361,-170.0
16362,-125.0
16363,-198.0
16364,-160.0
16365,-169.0
16366,-165.0
16367,-177.0
16368,-168.0
16369,-200.0
16370,-194.0
16371,-163.0
16372,-153.0
16373,-153.0
16374,-127.0
16375,-178.0
16376,-153.0
16377,-156.0
16378,-160.0
16379,-163.0
16380,-126.0
16381,-200.0
16382,-125.0
16383,-166.0
16384,-122.0
16385,-171.0
16386,-122.0
16387,-122.0
16388,-161.0
16389,-162.0
16390,-130.0
16391,-126.0
16392,-126.0
16393,-149.0
16394,-144.0
16395,-130.0
16396,-125.0
16397,-127.0
16398,-128.0
16399,-129.0
16400,-158.0
16401,-126.0
16402,-125.0
16403,-149.0
16404,-122.0
16405,-162.0
16406,-130.0
16407,-125.0
16408,-148.0
16409,-151.0
16410,-156.0
16411,-152.0
16412,-126.0
16413,-126.0
16414,-123.0
16415,-130.0
16416,-154.0
16417,-144.0
16418,-130.0
16419,-124.0
16420,-150.0
16421,-143.0
16422,-126.0
16423,-126.0
16424,-125.0
16425,-126.0
16426,-156.0
16427,-194.0
16428,-145.0
16429,-194.0
16430,-126.0
16431,-164.0
16432,-149.0
16433,-125.0
16434,-159.0
16435,-126.0
16436,-153.0
16437,-161.0
16438,-127.0
16439,-145.0
16440,-161.0
16441,-164.0
16442,-194.0
16443,-126.0
16444,-121.0
16445,-158.0
16446,-163.0
16447,-146.0
16448,-128.0
16449,-165.0
16450,-163.0
16451,-152.0
16452,-163.0
16453,-152.0
16454,-121.0
16455,-153.0
16456,-144.0
16457,-125.0
16458,-124.0
16459,-151.0
16460,-126.0
16461,-148.0
16462,-153.0
16463,-126.0
16464,-166.0
16465,-200.0
16466,-158.0
16467,-200.0
16468,-150.0
16469,-126.0
16470,-126.0
16471,-131.0
16472,-150.0
16473,-149.0
16474,-150.0
16475,-126.0
16476,-126.0
16477,-124.0
16478,-124.0
16479,-148.0
16480,-153.0
16481,-127.0
16482,-151.0
16483,-150.0
16484,-146.0
16485,-146.0
16486,-126.0
16487,-126.0
16488,-163.0
16489,-153.0
16490,-156.0
16491,-167.0
16492,-153.0
16493,-127.0
16494,-197.0
16495,-123.0
16496,-150.0
16497,-126.0
16498,-126.0
16499,-122.0
16500,-129.0
16501,-126.0
16502,-150.0
16503,-123.0
16504,-123.0
16505,-200.0
16506,-163.0
16507,-124.0
16508,-155.0
16509,-152.0
16510,-161.0
16511,-127.0
16512,-151.0
16513,-150.0
16514,-124.0
16515,-130.0
16516,-129.0
16517,-156.0
16518,-165.0
16519,-151.0
16520,-200.0
16521,-129.0
16522,-165.0
16523,-156.0
16524,-200.0
16525,-164.0
16526,-155.0
16527,-157.0
16528,-125.0
16529,-152.0
16530,-200.0
16531,-154.0
16532,-154.0
16533,-128.0
16534,-200.0
16535,-127.0
16536,-150.0
16537,-200.0
16538,-152.0
16539,-128.0
16540,-165.0
16541,-125.0
16542,-121.0
16543,-157.0
16544,-149.0
16545,-127.0
16546,-163.0
16547,-154.0
16548,-150.0
16549,-150.0
16550,-149.0
16551,-173.0
16552,-158.0
16553,-153.0
16554,-172.0
16555,-154.0
16556,-154.0
16557,-123.0
16558,-152.0
16559,-156.0
16560,-170.0
16561,-183.0
16562,-173.0
16563,-177.0
16564,-126.0
16565,-178.0
16566,-171.0
16567,-191.0
16568,-131.0
16569,-131.0
16570,-155.0
16571,-154.0
16572,-131.0
16573,-185.0
16574,-164.0
16575,-129.0
16576,-135.0
16577,-135.0
16578,-152.0
16579,-153.0
16580,-183.0
16581,-131.0
16582,-126.0
16583,-157.0
16584,-126.0
16585,-132.0
16586,-132.0
16587,-200.0
16588,-200.0
16589,-200.0
16590,-129.0
16591,-132.0
16592,-158.0
16593,-128.0
16594,-126.0
16595,-130.0
16596,-127.0
16597,-157.0
16598,-168.0
16599,-172.0
16600,-200.0
16601,-176.0
16602,-200.0
16603,-171.0
16604,-171.0
16605,-159.0
16606,-152.0
16607,-126.0
16608,-157.0
16609,-129.0
16610,-154.0
16611,-163.0
16612,-133.0
16613,-136.0
16614,-133.0
16615,-200.0
16616,-155.0
16617,-153.0
16618,-168.0
16619,-154.0
16620,-128.0
16621,-131.0
16622,-151.0
16623,-153.0
16624,-129.0
16625,-125.0
16626,-106.0
16627,-128.0
16628,-131.0
16629,-154.0
16630,-126.0
16631,-153.0
16632,-156.0
16633,-200.0
16634,-124.0
16635,-157.0
16636,-200.0
16637,-129.0
16638,-157.0
16639,-200.0
16640,-154.0
16641,-200.0
16642,-200.0
16643,-167.0
16644,-200.0
16645,-161.0
16646,-154.0
16647,-152.0
16648,-129.0
16649,-147.0
16650,-200.0
16651,-163.0
16652,-133.0
16653,-200.0
16654,-153.0
16655,-167.0
16656,-162.0
16657,-136.0
16658,-136.0
16659,-200.0
16660,-173.0
16661,-136.0
16662,-136.0
16663,-133.0
16664,-127.0
16665,-148.0
16666,-199.0
16667,-151.0
16668,-200.0
16669,-200.0
16670,-147.0
16671,-200.0
16672,-200.0
16673,-177.0
16674,-191.0
16675,-196.0
16676,-174.0
16677,-152.0
16678,-173.0
16679,-148.0
16680,-186.0
16681,-151.0
16682,-167.0
16683,-200.0
16684,-190.0
16685,-200.0
16686,-104.0
16687,-164.0
16688,-175.0
16689,-157.0
16690,-200.0
16691,-149.0
16692,-128.0
16693,-147.0
16694,-200.0
16695,-135.0
16696,-154.0
16697,-152.0
16698,-192.0
16699,-149.0
16700,-151.0
16701,-148.0
16702,-106.0
16703,-188.0
16704,-163.0
16705,-182.0
16706,-101.0
16707,-149.0
16708,-149.0
16709,-105.0
16710,-148.0
16711,-200.0
16712,-129.0
16713,-162.0
16714,-152.0
16715,-148.0
16716,-131.0
16717,-126.0
16718,-102.0
16719,-170.0
16720,-149.0
16721,-138.0
16722,-133.0
16723,-150.0
16724,-105.0
16725,-135.0
16726,-164.0
16727,-140.0
16728,-135.0
16729,-132.0
16730,-133.0
16731,-134.0
16732,-133.0
16733,-200.0
16734,-142.0
16735,-156.0
16736,-151.0
16737,-100.0
16738,-131.0
16739,-136.0
16740,-151.0
16741,-134.0
16742,-189.0
16743,-142.0
16744,-163.0
16745,-200.0
16746,-102.0
16747,-101.0
16748,-158.0
16749,-132.0
16750,-148.0
16751,-132.0
16752,-161.0
16753,-161.0
16754,-134.0
16755,-171.0
16756,-148.0
16757,-148.0
16758,-168.0
16759,-130.0
16760,-150.0
16761,-200.0
16762,-149.0
16763,-138.0
16764,-159.0
16765,-137.0
16766,-101.0
16767,-162.0
16768,-102.0
16769,-200.0
16770,-148.0
16771,-137.0
16772,-156.0
16773,-105.0
16774,-156.0
16775,-152.0
16776,-160.0
16777,-157.0
16778,-137.0
16779,-145.0
16780,-130.0
16781,-141.0
16782,-132.0
16783,-132.0
16784,-143.0
16785,-134.0
16786,-132.0
16787,-104.0
16788,-103.0
16789,-135.0
16790,-141.0
16791,-142.0
16792,-158.0
16793,-134.0
16794,-140.0
16795,-119.0
16796,-102.0
16797,-137.0
16798,-154.0
16799,-104.0
16800,-149.0
16801,-136.0
16802,-134.0
16803,-179.0
16804,-200.0
16805,-112.0
16806,-106.0
16807,-129.0
16808,-106.0
16809,-177.0
16810,-132.0
16811,-146.0
16812,-134.0
16813,-101.0
16814,-200.0
16815,-100.0
16816,-132.0
16817,-160.0
16818,-158.0
16819,-99.0
16820,-149.0
16821,-114.0
16822,-136.0
16823,-115.0
16824,-105.0
16825,-157.0
16826,-149.0
16827,-119.0
16828,-102.0
16829,-102.0
16830,-152.0
16831,-182.0
16832,-143.0
16833,-102.0
16834,-103.0
16835,-114.0
16836,-155.0
16837,-113.0
16838,-108.0
16839,-161.0
16840,-143.0
16841,-102.0
16842,-164.0
16843,-116.0
16844,-143.0
16845,-141.0
16846,-113.0
16847,-102.0
16848,-113.0
16849,-113.0
16850,-101.0
16851,-179.0
16852,-113.0
16853,-115.0
16854,-164.0
16855,-115.0
16856,-163.0
16857,-179.0
16858,-178.0
16859,-138.0
16860,-149.0
16861,-165.0
16862,-183.0
16863,-182.0
16864,-117.0
16865,-117.0
16866,-134.0
16867,-115.0
16868,-177.0
16869,-161.0
16870,-160.0
16871,-148.0
16872,-114.0
16873,-147.0
16874,-114.0
16875,-115.0
16876,-114.0
16877,-114.0
16878,-142.0
16879,-180.0
16880,-175.0
16881,-154.0
16882,-150.0
16883,-114.0
16884,-105.0
16885,-161.0
16886,-113.0
16887,-115.0
16888,-114.0
16889,-114.0
16890,-151.0
16891,-117.0
16892,-150.0
16893,-115.0
16894,-114.0
16895,-114.0
16896,-114.0
16897,-150.0
16898,-116.0
16899,-142.0
16900,-160.0
16901,-163.0
16902,-116.0
16903,-115.0
16904,-116.0
16905,-114.0
16906,-114.0
16907,-150.0
16908,-163.0
16909,-153.0
16910,-152.0
16911,-108.0
16912,-166.0
16913,-155.0
16914,-151.0
16915,-114.0
16916,-160.0
16917,-113.0
16918,-151.0
16919,-113.0
16920,-101.0
16921,-116.0
16922,-114.0
16923,-180.0
16924,-165.0
16925,-154.0
16926,-115.0
16927,-114.0
16928,-180.0
16929,-114.0
16930,-112.0
16931,-113.0
16932,-153.0
16933,-168.0
16934,-173.0
16935,-162.0
16936,-168.0
16937,-152.0
16938,-152.0
16939,-104.0
16940,-152.0
16941,-153.0
16942,-153.0
16943,-146.0
16944,-106.0
16945,-165.0
16946,-112.0
16947,-156.0
16948,-112.0
16949,-164.0
16950,-152.0
16951,-152.0
16952,-112.0
16953,-182.0
16954,-114.0
16955,-146.0
16956,-157.0
16957,-112.0
16958,-112.0
16959,-112.0
16960,-113.0
16961,-105.0
16962,-113.0
16963,-105.0
16964,-112.0
16965,-113.0
16966,-179.0
16967,-113.0
16968,-114.0
16969,-112.0
16970,-154.0
16971,-112.0
16972,-140.0
16973,-153.0
16974,-163.0
16975,-113.0
16976,-165.0
16977,-114.0
16978,-152.0
16979,-113.0
16980,-113.0
16981,-114.0
16982,-112.0
16983,-112.0
16984,-113.0
16985,-112.0
16986,-114.0
16987,-176.0
16988,-115.0
16989,-154.0
16990,-112.0
16991,-111.0
16992,-161.0
16993,-166.0
16994,-112.0
16995,-114.0
16996,-188.0
16997,-146.0
16998,-192.0
16999,-150.0
17000,-112.0
17001,-151.0
17002,-152.0
17003,-113.0
17004,-160.0
17005,-115.0
17006,-112.0
17007,-161.0
17008,-114.0
17009,-158.0
17010,-114.0
17011,-151.0
17012,-112.0
17013,-158.0
17014,-112.0
17015,-165.0
17016,-151.0
17017,-113.0
17018,-114.0
17019,-153.0
17020,-155.0
17021,-113.0
17022,-113.0
17023,-114.0
17024,-178.0
17025,-188.0
17026,-112.0
17027,-112.0
17028,-114.0
17029,-114.0
17030,-112.0
17031,-112.0
17032,-163.0
17033,-114.0
17034,-152.0
17035,-179.0
17036,-112.0
17037,-151.0
17038,-113.0
17039,-153.0
17040,-167.0
17041,-165.0
17042,-164.0
17043,-122.0
17044,-157.0
17045,-112.0
17046,-112.0
17047,-152.0
17048,-112.0
17049,-172.0
17050,-113.0
17051,-114.0
17052,-161.0
17053,-164.0
17054,-113.0
17055,-115.0
17056,-154.0
17057,-158.0
17058,-145.0
17059,-164.0
17060,-112.0
17061,-164.0
17062,-154.0
17063,-126.0
17064,-178.0
17065,-112.0
17066,-116.0
17067,-113.0
17068,-152.0
17069,-112.0
17070,-119.0
17071,-151.0
17072,-151.0
17073,-151.0
17074,-159.0
17075,-165.0
17076,-166.0
17077,-169.0
17078,-152.0
17079,-152.0
17080,-113.0
17081,-154.0
17082,-165.0
17083,-162.0
17084,-160.0
17085,-114.0
17086,-114.0
17087,-114.0
17088,-112.0
17089,-112.0
17090,-151.0
17091,-160.0
17092,-149.0
17093,-114.0
17094,-165.0
17095,-112.0
17096,-114.0
17097,-165.0
17098,-167.0
17099,-169.0
17100,-159.0
17101,-165.0
17102,-113.0
17103,-148.0
17104,-162.0
17105,-112.0
17106,-112.0
17107,-152.0
17108,-164.0
17109,-114.0
17110,-113.0
17111,-112.0
17112,-112.0
17113,-147.0
17114,-113.0
17115,-172.0
17116,-112.0
17117,-152.0
17118,-165.0
17119,-148.0
17120,-165.0
17121,-113.0
17122,-151.0
17123,-113.0
17124,-115.0
17125,-165.0
17126,-113.0
17127,-166.0
17128,-160.0
17129,-160.0
17130,-117.0
17131,-154.0
17132,-115.0
17133,-112.0
17134,-169.0
17135,-112.0
17136,-114.0
17137,-112.0
17138,-163.0
17139,-154.0
17140,-113.0
17141,-112.0
17142,-112.0
17143,-117.0
17144,-200.0
17145,-113.0
17146,-169.0
17147,-169.0
17148,-169.0
17149,-167.0
17150,-154.0
17151,-151.0
17152,-165.0
17153,-160.0
17154,-113.0
17155,-169.0
17156,-113.0
17157,-112.0
17158,-156.0
17159,-112.0
17160,-167.0
17161,-163.0
17162,-111.0
17163,-113.0
17164,-166.0
17165,-112.0
17166,-161.0
17167,-113.0
17168,-168.0
17169,-166.0
17170,-151.0
17171,-164.0
17172,-153.0
17173,-114.0
17174,-113.0
17175,-114.0
17176,-112.0
17177,-113.0
17178,-162.0
17179,-114.0
17180,-165.0
17181,-155.0
17182,-164.0
17183,-165.0
17184,-152.0
17185,-149.0
17186,-112.0
17187,-166.0
17188,-163.0
17189,-152.0
17190,-112.0
17191,-114.0
17192,-151.0
17193,-153.0
17194,-166.0
17195,-114.0
17196,-115.0
17197,-151.0
17198,-113.0
17199,-114.0
17200,-114.0
17201,-152.0
17202,-156.0
17203,-112.0
17204,-112.0
17205,-163.0
17206,-160.0
17207,-152.0
17208,-164.0
17209,-159.0
17210,-114.0
17211,-114.0
17212,-166.0
17213,-165.0
17214,-166.0
17215,-154.0
17216,-112.0
17217,-151.0
17218,-165.0
17219,-114.0
17220,-162.0
17221,-153.0
17222,-158.0
17223,-113.0
17224,-158.0
17225,-113.0
17226,-167.0
17227,-164.0
17228,-112.0
17229,-112.0
17230,-166.0
17231,-156.0
17232,-115.0
17233,-161.0
17234,-115.0
17235,-114.0
17236,-162.0
17237,-153.0
17238,-158.0
17239,-152.0
17240,-114.0
17241,-161.0
17242,-163.0
17243,-115.0
17244,-112.0
17245,-113.0
17246,-171.0
17247,-151.0
17248,-152.0
17249,-112.0
17250,-159.0
17251,-165.0
17252,-156.0
17253,-154.0
17254,-155.0
17255,-151.0
17256,-115.0
17257,-158.0
17258,-145.0
17259,-114.0
17260,-112.0
17261,-113.0
17262,-158.0
17263,-162.0
17264,-143.0
17265,-151.0
17266,-113.0
17267,-115.0
17268,-114.0
17269,-114.0
17270,-155.0
17271,-164.0
17272,-113.0
17273,-114.0
17274,-113.0
17275,-153.0
17276,-112.0
17277,-115.0
17278,-167.0
17279,-153.0
17280,-163.0
17281,-164.0
17282,-115.0
17283,-169.0
17284,-113.0
17285,-112.0
17286,-152.0
17287,-160.0
17288,-113.0
17289,-113.0
17290,-112.0
17291,-165.0
17292,-160.0
17293,-173.0
17294,-145.0
17295,-111.0
17296,-113.0
17297,-149.0
17298,-112.0
17299,-156.0
17300,-146.0
17301,-113.0
17302,-163.0
17303,-153.0
17304,-165.0
17305,-161.0
17306,-151.0
17307,-114.0
17308,-112.0
17309,-115.0
17310,-113.0
17311,-112.0
17312,-114.0
17313,-153.0
17314,-113.0
17315,-151.0
17316,-112.0
17317,-113.0
17318,-147.0
17319,-165.0
17320,-141.0
17321,-169.0
17322,-112.0
17323,-112.0
17324,-163.0
17325,-114.0
17326,-160.0
17327,-113.0
17328,-158.0
17329,-114.0
17330,-112.0
17331,-112.0
17332,-113.0
17333,-163.0
17334,-153.0
17335,-113.0
17336,-168.0
17337,-114.0
17338,-152.0
17339,-160.0
17340,-162.0
17341,-112.0
17342,-146.0
17343,-112.0
17344,-156.0
17345,-115.0
17346,-152.0
17347,-163.0
17348,-112.0
17349,-169.0
17350,-113.0
17351,-168.0
17352,-112.0
17353,-114.0
17354,-168.0
17355,-161.0
17356,-151.0
17357,-117.0
17358,-113.0
17359,-144.0
17360,-162.0
17361,-171.0
17362,-153.0
17363,-113.0
17364,-166.0
17365,-112.0
17366,-114.0
17367,-168.0
17368,-114.0
17369,-166.0
17370,-113.0
17371,-153.0
17372,-114.0
17373,-151.0
17374,-113.0
17375,-112.0
17376,-167.0
17377,-112.0
17378,-168.0
17379,-154.0
17380,-152.0
17381,-166.0
17382,-155.0
17383,-112.0
17384,-152.0
17385,-115.0
17386,-166.0
17387,-158.0
17388,-164.0
17389,-153.0
17390,-112.0
17391,-112.0
17392,-113.0
17393,-162.0
17394,-155.0
17395,-151.0
17396,-154.0
17397,-152.0
17398,-149.0
17399,-115.0
17400,-159.0
17401,-154.0
17402,-114.0
17403,-113.0
17404,-113.0
17405,-114.0
17406,-159.0
17407,-112.0
17408,-112.0
17409,-114.0
17410,-112.0
17411,-118.0
17412,-155.0
17413,-112.0
17414,-114.0
17415,-143.0
17416,-154.0
17417,-111.0
17418,-152.0
17419,-114.0
17420,-152.0
17421,-114.0
17422,-159.0
17423,-113.0
17424,-152.0
17425,-112.0
17426,-151.0
17427,-162.0
17428,-158.0
17429,-112.0
17430,-112.0
17431,-112.0
17432,-152.0
17433,-114.0
17434,-155.0
17435,-164.0
17436,-152.0
17437,-151.0
17438,-150.0
17439,-148.0
17440,-113.0
17441,-152.0
17442,-151.0
17443,-112.0
17444,-159.0
17445,-163.0
17446,-151.0
17447,-165.0
17448,-112.0
17449,-144.0
17450,-135.0
17451,-136.0
17452,-112.0
17453,-154.0
17454,-140.0
17455,-139.0
17456,-142.0
17457,-144.0
17458,-140.0
17459,-138.0
17460,-112.0
17461,-112.0
17462,-138.0
17463,-142.0
17464,-113.0
17465,-114.0
17466,-135.0
17467,-140.0
17468,-139.0
17469,-146.0
17470,-136.0
17471,-142.0
17472,-163.0
17473,-112.0
17474,-143.0
17475,-147.0
17476,-112.0
17477,-163.0
17478,-112.0
17479,-185.0
17480,-161.0
17481,-114.0
17482,-142.0
17483,-140.0
17484,-149.0
17485,-135.0
17486,-129.0
17487,-114.0
17488,-114.0
17489,-143.0
17490,-136.0
17491,-136.0
17492,-141.0
17493,-113.0
17494,-133.0
17495,-139.0
17496,-137.0
17497,-156.0
17498,-154.0
17499,-135.0
17500,-160.0
17501,-113.0
17502,-137.0
17503,-112.0
17504,-141.0
17505,-140.0
17506,-156.0
17507,-113.0
17508,-112.0
17509,-113.0
17510,-141.0
17511,-133.0
17512,-146.0
17513,-113.0
17514,-146.0
17515,-112.0
17516,-113.0
17517,-113.0
17518,-170.0
17519,-112.0
17520,-144.0
17521,-166.0
17522,-113.0
17523,-142.0
17524,-154.0
17525,-153.0
17526,-112.0
17527,-135.0
17528,-112.0
17529,-113.0
17530,-144.0
17531,-143.0
17532,-156.0
17533,-166.0
17534,-154.0
17535,-114.0
17536,-169.0
17537,-156.0
17538,-150.0
17539,-114.0
17540,-157.0
17541,-114.0
17542,-155.0
17543,-115.0
17544,-139.0
17545,-112.0
17546,-161.0
17547,-155.0
17548,-152.0
17549,-150.0
17550,-114.0
17551,-152.0
17552,-134.0
17553,-113.0
17554,-112.0
17555,-151.0
17556,-114.0
17557,-152.0
17558,-153.0
17559,-133.0
17560,-114.0
17561,-163.0
17562,-154.0
17563,-140.0
17564,-167.0
17565,-133.0
17566,-151.0
17567,-113.0
17568,-113.0
17569,-150.0
17570,-150.0
17571,-114.0
17572,-150.0
17573,-152.0
17574,-159.0
17575,-163.0
17576,-151.0
17577,-152.0
17578,-113.0
17579,-153.0
17580,-114.0
17581,-116.0
17582,-151.0
17583,-133.0
17584,-151.0
17585,-154.0
17586,-113.0
17587,-139.0
17588,-113.0
17589,-152.0
17590,-112.0
17591,-151.0
17592,-112.0
17593,-151.0
17594,-150.0
17595,-134.0
17596,-150.0
17597,-113.0
17598,-113.0
17599,-113.0
17600,-133.0
17601,-115.0
17602,-112.0
17603,-151.0
17604,-114.0
17605,-114.0
17606,-113.0
17607,-151.0
17608,-152.0
17609,-151.0
17610,-112.0
17611,-150.0
17612,-153.0
17613,-113.0
17614,-151.0
17615,-113.0
17616,-112.0
17617,-151.0
17618,-154.0
17619,-133.0
17620,-114.0
17621,-154.0
17622,-152.0
17623,-114.0
17624,-113.0
17625,-113.0
17626,-112.0
17627,-149.0
17628,-112.0
17629,-113.0
17630,-161.0
17631,-144.0
17632,-112.0
17633,-113.0
17634,-151.0
17635,-113.0
17636,-150.0
17637,-113.0
17638,-114.0
17639,-151.0
17640,-154.0
17641,-113.0
17642,-114.0
17643,-113.0
17644,-114.0
17645,-112.0
17646,-152.0
17647,-140.0
17648,-114.0
17649,-163.0
17650,-113.0
17651,-112.0
17652,-115.0
17653,-114.0
17654,-150.0
17655,-112.0
17656,-114.0
17657,-116.0
17658,-113.0
17659,-113.0
17660,-138.0
17661,-150.0
17662,-153.0
17663,-160.0
17664,-114.0
17665,-150.0
17666,-151.0
17667,-114.0
17668,-151.0
17669,-151.0
17670,-152.0
17671,-113.0
17672,-112.0
17673,-112.0
17674,-112.0
17675,-163.0
17676,-193.0
17677,-151.0
17678,-155.0
17679,-117.0
17680,-151.0
17681,-160.0
17682,-112.0
17683,-114.0
17684,-154.0
17685,-113.0
17686,-112.0
17687,-140.0
17688,-151.0
17689,-112.0
17690,-165.0
17691,-152.0
17692,-112.0
17693,-150.0
17694,-114.0
17695,-112.0
17696,-153.0
17697,-112.0
17698,-112.0
17699,-152.0
17700,-112.0
17701,-157.0
17702,-153.0
17703,-152.0
17704,-113.0
17705,-115.0
17706,-112.0
17707,-114.0
17708,-152.0
17709,-113.0
17710,-114.0
17711,-114.0
17712,-113.0
17713,-115.0
17714,-112.0
17715,-140.0
17716,-164.0
17717,-156.0
17718,-113.0
17719,-133.0
17720,-114.0
17721,-152.0
17722,-161.0
17723,-114.0
17724,-114.0
17725,-153.0
17726,-139.0
17727,-164.0
17728,-112.0
17729,-153.0
17730,-151.0
17731,-151.0
17732,-160.0
17733,-113.0
17734,-153.0
17735,-162.0
17736,-151.0
17737,-137.0
17738,-114.0
17739,-151.0
17740,-113.0
17741,-152.0
17742,-133.0
17743,-136.0
17744,-150.0
17745,-112.0
17746,-165.0
17747,-112.0
17748,-153.0
17749,-152.0
17750,-114.0
17751,-156.0
17752,-139.0
17753,-154.0
17754,-113.0
17755,-112.0
17756,-113.0
17757,-153.0
17758,-114.0
17759,-112.0
17760,-113.0
17761,-112.0
17762,-114.0
17763,-164.0
17764,-157.0
17765,-151.0
17766,-159.0
17767,-167.0
17768,-159.0
17769,-114.0
17770,-157.0
17771,-147.0
17772,-159.0
17773,-136.0
17774,-112.0
17775,-156.0
17776,-147.0
17777,-114.0
17778,-153.0
17779,-166.0
17780,-139.0
17781,-158.0
17782,-112.0
17783,-157.0
17784,-112.0
17785,-114.0
17786,-114.0
17787,-155.0
17788,-155.0
17789,-113.0
17790,-166.0
17791,-151.0
17792,-112.0
17793,-152.0
17794,-158.0
17795,-112.0
17796,-149.0
17797,-158.0
17798,-154.0
17799,-158.0
17800,-163.0
17801,-139.0
17802,-133.0
17803,-154.0
17804,-132.0
17805,-162.0
17806,-165.0
17807,-137.0
17808,-133.0
17809,-151.0
17810,-160.0
17811,-153.0
17812,-151.0
17813,-150.0
17814,-130.0
17815,-151.0
17816,-131.0
17817,-155.0
17818,-113.0
17819,-114.0
17820,-163.0
17821,-155.0
17822,-141.0
17823,-112.0
17824,-114.0
17825,-112.0
17826,-132.0
17827,-114.0
17828,-114.0
17829,-158.0
17830,-113.0
17831,-158.0
17832,-155.0
17833,-175.0
17834,-155.0
17835,-157.0
17836,-156.0
17837,-114.0
17838,-112.0
17839,-140.0
17840,-112.0
17841,-139.0
17842,-114.0
17843,-112.0
17844,-155.0
17845,-155.0
17846,-115.0
17847,-131.0
17848,-116.0
17849,-164.0
17850,-114.0
17851,-114.0
17852,-112.0
17853,-113.0
17854,-153.0
17855,-112.0
17856,-141.0
17857,-113.0
17858,-133.0
17859,-112.0
17860,-114.0
17861,-154.0
17862,-112.0
17863,-157.0
17864,-159.0
17865,-112.0
17866,-156.0
17867,-155.0
17868,-146.0
17869,-138.0
17870,-155.0
17871,-112.0
17872,-155.0
17873,-114.0
17874,-157.0
17875,-156.0
17876,-114.0
17877,-154.0
17878,-114.0
17879,-139.0
17880,-113.0
17881,-113.0
17882,-133.0
17883,-112.0
17884,-113.0
17885,-139.0
17886,-114.0
17887,-112.0
17888,-168.0
17889,-138.0
17890,-164.0
17891,-157.0
17892,-112.0
17893,-112.0
17894,-152.0
17895,-155.0
17896,-158.0
17897,-161.0
17898,-160.0
17899,-113.0
17900,-161.0
17901,-157.0
17902,-156.0
17903,-112.0
17904,-167.0
17905,-114.0
17906,-117.0
17907,-113.0
17908,-116.0
17909,-113.0
17910,-162.0
17911,-133.0
17912,-113.0
17913,-160.0
17914,-156.0
17915,-114.0
17916,-114.0
17917,-112.0
17918,-164.0
17919,-172.0
17920,-157.0
17921,-114.0
17922,-169.0
17923,-112.0
17924,-171.0
17925,-112.0
17926,-172.0
17927,-111.0
17928,-114.0
17929,-158.0
17930,-158.0
17931,-159.0
17932,-113.0
17933,-139.0
17934,-113.0
17935,-133.0
17936,-166.0
17937,-153.0
17938,-115.0
17939,-171.0
17940,-158.0
17941,-114.0
17942,-139.0
17943,-167.0
17944,-145.0
17945,-131.0
17946,-193.0
17947,-133.0
17948,-132.0
17949,-130.0
17950,-177.0
17951,-133.0
17952,-133.0
17953,-149.0
17954,-132.0
17955,-171.0
17956,-132.0
17957,-138.0
17958,-131.0
17959,-152.0
17960,-132.0
17961,-164.0
17962,-155.0
17963,-131.0
17964,-146.0
17965,-133.0
17966,-131.0
17967,-157.0
17968,-161.0
17969,-133.0
17970,-156.0
17971,-151.0
17972,-154.0
17973,-127.0
17974,-148.0
17975,-151.0
17976,-112.0
17977,-154.0
17978,-113.0
17979,-152.0
17980,-128.0
17981,-128.0
17982,-153.0
17983,-155.0
17984,-131.0
17985,-131.0
17986,-133.0
17987,-129.0
17988,-128.0
17989,-130.0
17990,-177.0
17991,-155.0
17992,-149.0
17993,-150.0
17994,-152.0
17995,-167.0
17996,-133.0
17997,-112.0
17998,-153.0
17999,-134.0
18000,-155.0
18001,-128.0
18002,-152.0
18003,-200.0
18004,-172.0
18005,-150.0
18006,-112.0
18007,-128.0
18008,-150.0
18009,-200.0
18010,-155.0
18011,-156.0
18012,-145.0
18013,-154.0
18014,-152.0
18015,-133.0
18016,-133.0
18017,-200.0
18018,-200.0
18019,-200.0
18020,-200.0
18021,-116.0
18022,-158.0
18023,-112.0
18024,-157.0
18025,-145.0
18026,-171.0
18027,-114.0
18028,-113.0
18029,-113.0
18030,-137.0
18031,-113.0
18032,-170.0
18033,-113.0
18034,-158.0
18035,-114.0
18036,-155.0
18037,-112.0
18038,-112.0
18039,-114.0
18040,-165.0
18041,-137.0
18042,-158.0
18043,-165.0
18044,-113.0
18045,-156.0
18046,-153.0
18047,-147.0
18048,-170.0
18049,-172.0
18050,-112.0
18051,-162.0
18052,-112.0
18053,-198.0
18054,-150.0
18055,-163.0
18056,-112.0
18057,-149.0
18058,-149.0
18059,-154.0
18060,-113.0
18061,-160.0
18062,-139.0
18063,-113.0
18064,-154.0
18065,-113.0
18066,-112.0
18067,-112.0
18068,-112.0
18069,-153.0
18070,-112.0
18071,-164.0
18072,-162.0
18073,-157.0
18074,-169.0
18075,-151.0
18076,-112.0
18077,-113.0
18078,-147.0
18079,-113.0
18080,-159.0
18081,-113.0
18082,-149.0
18083,-112.0
18084,-114.0
18085,-113.0
18086,-152.0
18087,-151.0
18088,-148.0
18089,-114.0
18090,-151.0
18091,-112.0
18092,-112.0
18093,-112.0
18094,-158.0
18095,-113.0
18096,-115.0
18097,-152.0
18098,-154.0
18099,-112.0
18100,-113.0
18101,-150.0
18102,-114.0
18103,-112.0
18104,-154.0
18105,-155.0
18106,-155.0
18107,-157.0
18108,-112.0
18109,-112.0
18110,-115.0
18111,-149.0
18112,-149.0
18113,-115.0
18114,-114.0
18115,-152.0
18116,-150.0
18117,-150.0
18118,-114.0
18119,-150.0
18120,-114.0
18121,-149.0
18122,-113.0
18123,-114.0
18124,-156.0
18125,-152.0
18126,-144.0
18127,-112.0
18128,-150.0
18129,-114.0
18130,-113.0
18131,-163.0
18132,-149.0
18133,-158.0
18134,-163.0
18135,-150.0
18136,-114.0
18137,-113.0
18138,-150.0
18139,-151.0
18140,-113.0
18141,-112.0
18142,-154.0
18143,-155.0
18144,-114.0
18145,-151.0
18146,-114.0
18147,-163.0
18148,-158.0
18149,-112.0
18150,-160.0
18151,-112.0
18152,-114.0
18153,-148.0
18154,-114.0
18155,-146.0
18156,-156.0
18157,-165.0
18158,-113.0
18159,-165.0
18160,-154.0
18161,-157.0
18162,-172.0
18163,-112.0
18164,-163.0
18165,-114.0
18166,-153.0
18167,-113.0
18168,-150.0
18169,-152.0
18170,-112.0
18171,-166.0
18172,-114.0
18173,-147.0
18174,-114.0
18175,-114.0
18176,-152.0
18177,-114.0
18178,-115.0
18179,-114.0
18180,-150.0
18181,-112.0
18182,-115.0
18183,-112.0
18184,-114.0
18185,-152.0
18186,-153.0
18187,-115.0
18188,-150.0
18189,-112.0
18190,-112.0
18191,-113.0
18192,-156.0
18193,-114.0
18194,-112.0
18195,-158.0
18196,-169.0
18197,-150.0
18198,-159.0
18199,-112.0
18200,-114.0
18201,-159.0
18202,-153.0
18203,-148.0
18204,-154.0
18205,-113.0
18206,-162.0
18207,-151.0
18208,-148.0
18209,-151.0
18210,-113.0
18211,-163.0
18212,-153.0
18213,-112.0
18214,-113.0
18215,-162.0
18216,-112.0
18217,-112.0
18218,-112.0
18219,-170.0
18220,-113.0
18221,-114.0
18222,-155.0
18223,-113.0
18224,-112.0
18225,-158.0
18226,-147.0
18227,-112.0
18228,-148.0
18229,-112.0
18230,-151.0
18231,-152.0
18232,-150.0
18233,-115.0
18234,-153.0
18235,-115.0
18236,-163.0
18237,-164.0
18238,-161.0
18239,-148.0
18240,-152.0
18241,-153.0
18242,-152.0
18243,-159.0
18244,-113.0
18245,-152.0
18246,-114.0
18247,-112.0
18248,-112.0
18249,-158.0
18250,-164.0
18251,-162.0
18252,-117.0
18253,-153.0
18254,-151.0
18255,-158.0
18256,-113.0
18257,-113.0
18258,-113.0
18259,-146.0
18260,-112.0
18261,-155.0
18262,-150.0
18263,-157.0
18264,-152.0
18265,-146.0
18266,-154.0
18267,-112.0
18268,-114.0
18269,-157.0
18270,-157.0
18271,-155.0
18272,-169.0
18273,-154.0
18274,-161.0
18275,-114.0
18276,-112.0
18277,-157.0
18278,-114.0
18279,-146.0
18280,-157.0
18281,-156.0
18282,-144.0
18283,-155.0
18284,-112.0
18285,-148.0
18286,-146.0
18287,-135.0
18288,-151.0
18289,-139.0
18290,-136.0
18291,-113.0
18292,-112.0
18293,-136.0
18294,-114.0
18295,-114.0
18296,-112.0
18297,-149.0
18298,-142.0
18299,-117.0
18300,-138.0
18301,-112.0
18302,-113.0
18303,-113.0
18304,-112.0
18305,-113.0
18306,-136.0
18307,-147.0
18308,-112.0
18309,-140.0
18310,-141.0
18311,-114.0
18312,-139.0
18313,-135.0
18314,-112.0
18315,-112.0
18316,-138.0
18317,-114.0
18318,-112.0
18319,-149.0
18320,-152.0
18321,-153.0
18322,-114.0
18323,-115.0
18324,-158.0
18325,-114.0
18326,-161.0
18327,-114.0
18328,-113.0
18329,-163.0
18330,-175.0
18331,-112.0
18332,-151.0
18333,-115.0
18334,-157.0
18335,-113.0
18336,-148.0
18337,-158.0
18338,-113.0
18339,-158.0
18340,-114.0
18341,-158.0
18342,-162.0
18343,-114.0
18344,-149.0
18345,-113.0
18346,-144.0
18347,-157.0
18348,-146.0
18349,-114.0
18350,-112.0
18351,-113.0
18352,-113.0
18353,-113.0
18354,-114.0
18355,-150.0
18356,-150.0
18357,-148.0
18358,-153.0
18359,-151.0
18360,-115.0
18361,-149.0
18362,-162.0
18363,-113.0
18364,-154.0
18365,-156.0
18366,-153.0
18367,-157.0
18368,-149.0
18369,-154.0
18370,-195.0
18371,-162.0
18372,-112.0
18373,-148.0
18374,-115.0
18375,-153.0
18376,-114.0
18377,-114.0
18378,-152.0
18379,-114.0
18380,-164.0
18381,-113.0
18382,-113.0
18383,-154.0
18384,-145.0
18385,-148.0
18386,-114.0
18387,-117.0
18388,-157.0
18389,-113.0
18390,-149.0
18391,-113.0
18392,-114.0
18393,-174.0
18394,-113.0
18395,-149.0
18396,-113.0
18397,-112.0
18398,-113.0
18399,-112.0
18400,-161.0
18401,-112.0
18402,-147.0
18403,-113.0
18404,-147.0
18405,-113.0
18406,-115.0
18407,-112.0
18408,-112.0
18409,-154.0
18410,-113.0
18411,-145.0
18412,-148.0
18413,-151.0
18414,-149.0
18415,-113.0
18416,-145.0
18417,-114.0
18418,-115.0
18419,-150.0
18420,-116.0
18421,-158.0
18422,-114.0
18423,-116.0
18424,-150.0
18425,-115.0
18426,-114.0
18427,-113.0
18428,-147.0
18429,-114.0
18430,-115.0
18431,-114.0
18432,-161.0
18433,-157.0
18434,-151.0
18435,-153.0
18436,-148.0
18437,-156.0
18438,-114.0
18439,-152.0
18440,-113.0
18441,-149.0
18442,-154.0
18443,-156.0
18444,-147.0
18445,-152.0
18446,-155.0
18447,-151.0
18448,-144.0
18449,-114.0
18450,-115.0
18451,-148.0
18452,-114.0
18453,-115.0
18454,-156.0
18455,-140.0
18456,-141.0
18457,-146.0
18458,-113.0
18459,-154.0
18460,-149.0
18461,-155.0
18462,-115.0
18463,-155.0
18464,-161.0
18465,-169.0
18466,-151.0
18467,-151.0
18468,-177.0
18469,-171.0
18470,-156.0
18471,-152.0
18472,-149.0
18473,-159.0
18474,-149.0
18475,-152.0
18476,-114.0
18477,-115.0
18478,-113.0
18479,-115.0
18480,-115.0
18481,-147.0
18482,-147.0
18483,-113.0
18484,-113.0
18485,-155.0
18486,-152.0
18487,-114.0
18488,-168.0
18489,-151.0
18490,-116.0
18491,-145.0
18492,-114.0
18493,-161.0
18494,-163.0
18495,-150.0
18496,-128.0
18497,-115.0
18498,-150.0
18499,-151.0
18500,-113.0
18501,-113.0
18502,-114.0
18503,-114.0
18504,-150.0
18505,-156.0
18506,-154.0
18507,-160.0
18508,-148.0
18509,-116.0
18510,-151.0
18511,-113.0
18512,-113.0
18513,-116.0
18514,-155.0
18515,-115.0
18516,-151.0
18517,-152.0
18518,-158.0
18519,-151.0
18520,-114.0
18521,-153.0
18522,-153.0
18523,-115.0
18524,-149.0
18525,-116.0
18526,-114.0
18527,-161.0
18528,-142.0
18529,-114.0
18530,-114.0
18531,-142.0
18532,-115.0
18533,-115.0
18534,-139.0
18535,-167.0
18536,-153.0
18537,-114.0
18538,-145.0
18539,-114.0
18540,-138.0
18541,-140.0
18542,-167.0
18543,-115.0
18544,-115.0
18545,-115.0
18546,-149.0
18547,-114.0
18548,-113.0
18549,-136.0
18550,-145.0
18551,-117.0
18552,-115.0
18553,-116.0
18554,-123.0
18555,-150.0
18556,-113.0
18557,-115.0
18558,-114.0
18559,-162.0
18560,-114.0
18561,-146.0
18562,-116.0
18563,-152.0
18564,-114.0
18565,-114.0
18566,-151.0
18567,-146.0
18568,-149.0
18569,-148.0
18570,-162.0
18571,-147.0
18572,-147.0
18573,-154.0
18574,-112.0
18575,-147.0
18576,-115.0
18577,-114.0
18578,-112.0
18579,-148.0
18580,-114.0
18581,-150.0
18582,-113.0
18583,-153.0
18584,-167.0
18585,-178.0
18586,-147.0
18587,-147.0
18588,-150.0
18589,-147.0
18590,-149.0
18591,-149.0
18592,-149.0
18593,-156.0
18594,-155.0
18595,-148.0
18596,-112.0
18597,-113.0
18598,-155.0
18599,-112.0
18600,-116.0
18601,-159.0
18602,-153.0
18603,-113.0
18604,-113.0
18605,-147.0
18606,-113.0
18607,-113.0
18608,-151.0
18609,-147.0
18610,-112.0
18611,-112.0
18612,-112.0
18613,-112.0
18614,-114.0
18615,-157.0
18616,-147.0
18617,-155.0
18618,-145.0
18619,-147.0
18620,-148.0
18621,-149.0
18622,-147.0
18623,-146.0
18624,-157.0
18625,-113.0
18626,-114.0
18627,-149.0
18628,-112.0
18629,-147.0
18630,-148.0
18631,-112.0
18632,-159.0
18633,-117.0
18634,-151.0
18635,-149.0
18636,-112.0
18637,-144.0
18638,-113.0
18639,-136.0
18640,-113.0
18641,-141.0
18642,-149.0
18643,-112.0
18644,-152.0
18645,-114.0
18646,-113.0
18647,-147.0
18648,-151.0
18649,-146.0
18650,-114.0
18651,-113.0
18652,-146.0
18653,-113.0
18654,-155.0
18655,-114.0
18656,-147.0
18657,-152.0
18658,-149.0
18659,-112.0
18660,-146.0
18661,-149.0
18662,-113.0
18663,-113.0
18664,-146.0
18665,-148.0
18666,-114.0
18667,-151.0
18668,-142.0
18669,-114.0
18670,-151.0
18671,-148.0
18672,-113.0
18673,-152.0
18674,-149.0
18675,-143.0
18676,-157.0
18677,-113.0
18678,-152.0
18679,-113.0
18680,-114.0
18681,-112.0
18682,-113.0
18683,-159.0
18684,-145.0
18685,-150.0
18686,-149.0
18687,-112.0
18688,-114.0
18689,-113.0
18690,-113.0
18691,-114.0
18692,-112.0
18693,-114.0
18694,-146.0
18695,-147.0
18696,-147.0
18697,-112.0
18698,-113.0
18699,-152.0
18700,-148.0
18701,-113.0
18702,-113.0
18703,-113.0
18704,-144.0
18705,-112.0
18706,-144.0
18707,-112.0
18708,-113.0
18709,-145.0
18710,-148.0
18711,-112.0
18712,-113.0
18713,-145.0
18714,-150.0
18715,-147.0
18716,-144.0
18717,-147.0
18718,-112.0
18719,-154.0
18720,-158.0
18721,-114.0
18722,-162.0
18723,-113.0
18724,-112.0
18725,-148.0
18726,-150.0
18727,-112.0
18728,-148.0
18729,-145.0
18730,-113.0
18731,-151.0
18732,-114.0
18733,-173.0
18734,-148.0
18735,-159.0
18736,-148.0
18737,-115.0
18738,-112.0
18739,-112.0
18740,-112.0
18741,-112.0
18742,-113.0
18743,-113.0
18744,-145.0
18745,-135.0
18746,-134.0
18747,-134.0
18748,-140.0
18749,-134.0
18750,-146.0
18751,-139.0
18752,-114.0
18753,-112.0
18754,-136.0
18755,-136.0
18756,-145.0
18757,-117.0
18758,-136.0
18759,-113.0
18760,-113.0
18761,-112.0
18762,-147.0
18763,-114.0
18764,-115.0
18765,-115.0
18766,-141.0
18767,-112.0
18768,-143.0
18769,-146.0
18770,-147.0
18771,-112.0
18772,-197.0
18773,-115.0
18774,-143.0
18775,-144.0
18776,-113.0
18777,-143.0
18778,-112.0
18779,-114.0
18780,-112.0
18781,-139.0
18782,-114.0
18783,-113.0
18784,-113.0
18785,-112.0
18786,-112.0
18787,-113.0
18788,-147.0
18789,-148.0
18790,-143.0
18791,-113.0
18792,-144.0
18793,-140.0
18794,-113.0
18795,-114.0
18796,-151.0
18797,-147.0
18798,-149.0
18799,-149.0
18800,-113.0
18801,-145.0
18802,-143.0
18803,-139.0
18804,-150.0
18805,-143.0
18806,-132.0
18807,-112.0
18808,-114.0
18809,-145.0
18810,-133.0
18811,-144.0
18812,-137.0
18813,-142.0
18814,-146.0
18815,-114.0
18816,-143.0
18817,-140.0
18818,-113.0
18819,-149.0
18820,-140.0
18821,-140.0
18822,-112.0
18823,-114.0
18824,-112.0
18825,-120.0
18826,-139.0
18827,-154.0
18828,-112.0
18829,-113.0
18830,-146.0
18831,-147.0
18832,-139.0
18833,-114.0
18834,-144.0
18835,-116.0
18836,-112.0
18837,-148.0
18838,-146.0
18839,-150.0
18840,-147.0
18841,-137.0
18842,-140.0
18843,-112.0
18844,-112.0
18845,-137.0
18846,-138.0
18847,-147.0
18848,-114.0
18849,-112.0
18850,-114.0
18851,-114.0
18852,-149.0
18853,-139.0
18854,-113.0
18855,-139.0
18856,-143.0
18857,-112.0
18858,-137.0
18859,-112.0
18860,-112.0
18861,-116.0
18862,-114.0
18863,-114.0
18864,-144.0
18865,-143.0
18866,-141.0
18867,-112.0
18868,-146.0
18869,-144.0
18870,-133.0
18871,-112.0
18872,-113.0
18873,-139.0
18874,-112.0
18875,-134.0
18876,-114.0
18877,-113.0
18878,-137.0
18879,-144.0
18880,-112.0
18881,-147.0
18882,-142.0
18883,-145.0
18884,-122.0
18885,-144.0
18886,-112.0
18887,-149.0
18888,-115.0
18889,-146.0
18890,-139.0
18891,-147.0
18892,-148.0
18893,-114.0
18894,-144.0
18895,-141.0
18896,-148.0
18897,-113.0
18898,-113.0
18899,-145.0
18900,-115.0
18901,-135.0
18902,-113.0
18903,-143.0
18904,-116.0
18905,-114.0
18906,-139.0
18907,-139.0
18908,-113.0
18909,-132.0
18910,-140.0
18911,-148.0
18912,-145.0
18913,-145.0
18914,-133.0
18915,-145.0
18916,-112.0
18917,-134.0
18918,-139.0
18919,-144.0
18920,-156.0
18921,-114.0
18922,-114.0
18923,-139.0
18924,-133.0
18925,-138.0
18926,-139.0
18927,-143.0
18928,-136.0
18929,-140.0
18930,-112.0
18931,-148.0
18932,-147.0
18933,-149.0
18934,-144.0
18935,-141.0
18936,-114.0
18937,-113.0
18938,-112.0
18939,-142.0
18940,-145.0
18941,-115.0
18942,-147.0
18943,-136.0
18944,-147.0
18945,-133.0
18946,-146.0
18947,-148.0
18948,-139.0
18949,-114.0
18950,-113.0
18951,-114.0
18952,-141.0
18953,-136.0
18954,-113.0
18955,-114.0
18956,-139.0
18957,-113.0
18958,-144.0
18959,-115.0
18960,-113.0
18961,-112.0
18962,-113.0
18963,-152.0
18964,-132.0
18965,-145.0
18966,-113.0
18967,-114.0
18968,-112.0
18969,-146.0
18970,-139.0
18971,-112.0
18972,-143.0
18973,-114.0
18974,-143.0
18975,-113.0
18976,-139.0
18977,-112.0
18978,-114.0
18979,-137.0
18980,-143.0
18981,-112.0
18982,-133.0
18983,-139.0
18984,-150.0
18985,-114.0
18986,-133.0
18987,-141.0
18988,-143.0
18989,-142.0
18990,-143.0
18991,-112.0
18992,-112.0
18993,-112.0
18994,-112.0
18995,-140.0
18996,-143.0
18997,-145.0
18998,-115.0
18999,-113.0
19000,-112.0
19001,-112.0
19002,-143.0
19003,-134.0
19004,-145.0
19005,-147.0
19006,-113.0
19007,-114.0
19008,-148.0
19009,-112.0
19010,-113.0
19011,-144.0
19012,-147.0
19013,-147.0
19014,-114.0
19015,-139.0
19016,-139.0
19017,-113.0
19018,-137.0
19019,-114.0
19020,-146.0
19021,-143.0
19022,-113.0
19023,-147.0
19024,-112.0
19025,-144.0
19026,-132.0
19027,-148.0
19028,-144.0
19029,-112.0
19030,-142.0
19031,-139.0
19032,-137.0
19033,-133.0
19034,-141.0
19035,-141.0
19036,-135.0
19037,-113.0
19038,-113.0
19039,-113.0
19040,-112.0
19041,-112.0
19042,-112.0
19043,-141.0
19044,-141.0
19045,-113.0
19046,-112.0
19047,-139.0
19048,-140.0
19049,-147.0
19050,-148.0
19051,-112.0
19052,-134.0
19053,-113.0
19054,-140.0
19055,-137.0
19056,-112.0
19057,-114.0
19058,-152.0
19059,-137.0
19060,-132.0
19061,-139.0
19062,-140.0
19063,-113.0
19064,-146.0
19065,-139.0
19066,-143.0
19067,-141.0
19068,-139.0
19069,-112.0
19070,-113.0
19071,-112.0
19072,-113.0
19073,-112.0
19074,-113.0
19075,-114.0
19076,-112.0
19077,-139.0
19078,-141.0
19079,-114.0
19080,-150.0
19081,-139.0
19082,-133.0
19083,-132.0
19084,-140.0
19085,-112.0
19086,-147.0
19087,-116.0
19088,-113.0
19089,-112.0
19090,-114.0
19091,-113.0
19092,-144.0
19093,-113.0
19094,-112.0
19095,-114.0
19096,-139.0
19097,-145.0
19098,-132.0
19099,-143.0
19100,-113.0
19101,-114.0
19102,-144.0
19103,-135.0
19104,-140.0
19105,-149.0
19106,-150.0
19107,-152.0
19108,-140.0
19109,-113.0
19110,-146.0
19111,-139.0
19112,-148.0
19113,-151.0
19114,-133.0
19115,-145.0
19116,-139.0
19117,-146.0
19118,-114.0
19119,-147.0
19120,-132.0
19121,-116.0
19122,-147.0
19123,-149.0
19124,-141.0
19125,-112.0
19126,-114.0
19127,-140.0
19128,-134.0
19129,-147.0
19130,-146.0
19131,-112.0
19132,-145.0
19133,-113.0
19134,-151.0
19135,-133.0
19136,-146.0
19137,-139.0
19138,-151.0
19139,-113.0
19140,-139.0
19141,-140.0
19142,-113.0
19143,-147.0
19144,-113.0
19145,-151.0
19146,-139.0
19147,-113.0
19148,-132.0
19149,-147.0
19150,-112.0
19151,-140.0
19152,-112.0
19153,-112.0
19154,-145.0
19155,-113.0
19156,-139.0
19157,-144.0
19158,-132.0
19159,-114.0
19160,-114.0
19161,-142.0
19162,-112.0
19163,-155.0
19164,-112.0
19165,-151.0
19166,-113.0
19167,-113.0
19168,-139.0
19169,-142.0
19170,-113.0
19171,-141.0
19172,-147.0
19173,-113.0
19174,-113.0
19175,-114.0
19176,-144.0
19177,-139.0
19178,-140.0
19179,-120.0
19180,-150.0
19181,-112.0
19182,-112.0
19183,-114.0
19184,-112.0
19185,-114.0
19186,-112.0
19187,-143.0
19188,-137.0
19189,-112.0
19190,-148.0
19191,-116.0
19192,-112.0
19193,-140.0
19194,-151.0
19195,-139.0
19196,-113.0
19197,-143.0
19198,-153.0
19199,-132.0
19200,-151.0
19201,-113.0
19202,-114.0
19203,-143.0
19204,-148.0
19205,-132.0
19206,-139.0
19207,-145.0
19208,-114.0
19209,-117.0
19210,-118.0
19211,-144.0
19212,-143.0
19213,-141.0
19214,-112.0
19215,-140.0
19216,-112.0
19217,-145.0
19218,-134.0
19219,-139.0
19220,-139.0
19221,-139.0
19222,-139.0
19223,-114.0
19224,-144.0
19225,-115.0
19226,-143.0
19227,-140.0
19228,-142.0
19229,-141.0
19230,-134.0
19231,-144.0
19232,-112.0
19233,-114.0
19234,-140.0
19235,-114.0
19236,-143.0
19237,-113.0
19238,-151.0
19239,-143.0
19240,-112.0
19241,-113.0
19242,-114.0
19243,-147.0
19244,-140.0
19245,-151.0
19246,-140.0
19247,-139.0
19248,-140.0
19249,-112.0
19250,-142.0
19251,-139.0
19252,-148.0
19253,-140.0
19254,-142.0
19255,-139.0
19256,-143.0
19257,-114.0
19258,-112.0
19259,-146.0
19260,-113.0
19261,-145.0
19262,-112.0
19263,-139.0
19264,-132.0
19265,-114.0
19266,-143.0
19267,-150.0
19268,-139.0
19269,-144.0
19270,-111.0
19271,-114.0
19272,-112.0
19273,-140.0
19274,-112.0
19275,-147.0
19276,-112.0
19277,-139.0
19278,-153.0
19279,-112.0
19280,-113.0
19281,-114.0
19282,-113.0
19283,-114.0
19284,-112.0
19285,-133.0
19286,-150.0
19287,-114.0
19288,-113.0
19289,-139.0
19290,-146.0
19291,-143.0
19292,-139.0
19293,-144.0
19294,-148.0
19295,-139.0
19296,-144.0
19297,-113.0
19298,-150.0
19299,-133.0
19300,-143.0
19301,-112.0
19302,-114.0
19303,-115.0
19304,-113.0
19305,-141.0
19306,-147.0
19307,-114.0
19308,-114.0
19309,-113.0
19310,-141.0
19311,-112.0
19312,-132.0
19313,-114.0
19314,-140.0
19315,-134.0
19316,-138.0
19317,-144.0
19318,-141.0
19319,-141.0
19320,-113.0
19321,-144.0
19322,-112.0
19323,-114.0
19324,-114.0
19325,-114.0
19326,-144.0
19327,-113.0
19328,-116.0
19329,-113.0
19330,-114.0
19331,-114.0
19332,-148.0
19333,-140.0
19334,-133.0
19335,-138.0
19336,-114.0
19337,-113.0
19338,-114.0
19339,-150.0
19340,-143.0
19341,-114.0
19342,-114.0
19343,-139.0
19344,-132.0
19345,-112.0
19346,-141.0
19347,-145.0
19348,-114.0
19349,-140.0
19350,-113.0
19351,-114.0
19352,-112.0
19353,-113.0
19354,-150.0
19355,-147.0
19356,-114.0
19357,-115.0
19358,-146.0
19359,-139.0
19360,-112.0
19361,-115.0
19362,-141.0
19363,-142.0
19364,-147.0
19365,-145.0
19366,-112.0
19367,-113.0
19368,-114.0
19369,-114.0
19370,-143.0
19371,-147.0
19372,-113.0
19373,-134.0
19374,-139.0
19375,-142.0
19376,-144.0
19377,-113.0
19378,-138.0
19379,-143.0
19380,-114.0
19381,-115.0
19382,-150.0
19383,-112.0
19384,-143.0
19385,-116.0
19386,-152.0
19387,-139.0
19388,-143.0
19389,-144.0
19390,-113.0
19391,-114.0
19392,-114.0
19393,-112.0
19394,-149.0
19395,-115.0
19396,-114.0
19397,-140.0
19398,-141.0
19399,-147.0
19400,-114.0
19401,-144.0
19402,-113.0
19403,-139.0
19404,-139.0
19405,-114.0
19406,-112.0
19407,-112.0
19408,-114.0
19409,-146.0
19410,-143.0
19411,-112.0
19412,-113.0
19413,-114.0
19414,-139.0
19415,-112.0
19416,-112.0
19417,-115.0
19418,-146.0
19419,-115.0
19420,-116.0
19421,-144.0
19422,-151.0
19423,-115.0
19424,-146.0
19425,-115.0
19426,-114.0
19427,-140.0
19428,-140.0
19429,-140.0
19430,-112.0
19431,-113.0
19432,-113.0
19433,-137.0
19434,-142.0
19435,-134.0
19436,-112.0
19437,-112.0
19438,-148.0
19439,-132.0
19440,-112.0
19441,-114.0
19442,-143.0
19443,-114.0
19444,-112.0
19445,-137.0
19446,-139.0
19447,-147.0
19448,-144.0
19449,-133.0
19450,-114.0
19451,-112.0
19452,-112.0
19453,-136.0
19454,-144.0
19455,-113.0
19456,-141.0
19457,-113.0
19458,-112.0
19459,-146.0
19460,-113.0
19461,-112.0
19462,-113.0
19463,-150.0
19464,-114.0
19465,-113.0
19466,-150.0
19467,-114.0
19468,-144.0
19469,-114.0
19470,-112.0
19471,-145.0
19472,-114.0
19473,-113.0
19474,-146.0
19475,-113.0
19476,-144.0
19477,-142.0
19478,-140.0
19479,-140.0
19480,-113.0
19481,-133.0
19482,-114.0
19483,-132.0
19484,-142.0
19485,-150.0
19486,-134.0
19487,-113.0
19488,-148.0
19489,-142.0
19490,-113.0
19491,-113.0
19492,-113.0
19493,-112.0
19494,-149.0
19495,-143.0
19496,-113.0
19497,-113.0
19498,-112.0
19499,-112.0
19500,-114.0
19501,-112.0
19502,-113.0
19503,-113.0
19504,-139.0
19505,-140.0
19506,-147.0
19507,-113.0
19508,-137.0
19509,-114.0
19510,-112.0
19511,-114.0
19512,-113.0
19513,-144.0
19514,-113.0
19515,-113.0
19516,-116.0
19517,-137.0
19518,-145.0
19519,-147.0
19520,-114.0
19521,-147.0
19522,-113.0
19523,-113.0
19524,-133.0
19525,-132.0
19526,-150.0
19527,-147.0
19528,-150.0
19529,-144.0
19530,-113.0
19531,-139.0
19532,-113.0
19533,-143.0
19534,-112.0
19535,-141.0
19536,-113.0
19537,-149.0
19538,-134.0
19539,-114.0
19540,-113.0
19541,-147.0
19542,-113.0
19543,-114.0
19544,-112.0
19545,-133.0
19546,-147.0
19547,-115.0
19548,-139.0
19549,-138.0
19550,-112.0
19551,-113.0
19552,-144.0
19553,-149.0
19554,-113.0
19555,-144.0
19556,-114.0
19557,-145.0
19558,-140.0
19559,-151.0
19560,-143.0
19561,-114.0
19562,-144.0
19563,-138.0
19564,-115.0
19565,-112.0
19566,-113.0
19567,-139.0
19568,-112.0
19569,-113.0
19570,-139.0
19571,-145.0
19572,-140.0
19573,-148.0
19574,-141.0
19575,-137.0
19576,-114.0
19577,-145.0
19578,-144.0
19579,-113.0
19580,-141.0
19581,-112.0
19582,-147.0
19583,-136.0
19584,-151.0
19585,-139.0
19586,-142.0
19587,-113.0
19588,-140.0
19589,-114.0
19590,-142.0
19591,-149.0
19592,-115.0
19593,-147.0
19594,-144.0
19595,-112.0
19596,-134.0
19597,-114.0
19598,-112.0
19599,-140.0
19600,-114.0
19601,-142.0
19602,-112.0
19603,-113.0
19604,-146.0
19605,-150.0
19606,-112.0
19607,-134.0
19608,-150.0
19609,-114.0
19610,-147.0
19611,-112.0
19612,-134.0
19613,-113.0
19614,-139.0
19615,-112.0
19616,-151.0
19617,-134.0
19618,-145.0
19619,-146.0
19620,-134.0
19621,-139.0
19622,-145.0
19623,-139.0
19624,-148.0
19625,-114.0
19626,-140.0
19627,-143.0
19628,-148.0
19629,-135.0
19630,-115.0
19631,-147.0
19632,-114.0
19633,-146.0
19634,-141.0
19635,-112.0
19636,-115.0
19637,-150.0
19638,-151.0
19639,-131.0
19640,-149.0
19641,-140.0
19642,-115.0
19643,-143.0
19644,-132.0
19645,-139.0
19646,-113.0
19647,-139.0
19648,-134.0
19649,-113.0
19650,-144.0
19651,-137.0
19652,-146.0
19653,-112.0
19654,-114.0
19655,-113.0
19656,-112.0
19657,-139.0
19658,-133.0
19659,-136.0
19660,-112.0
19661,-114.0
19662,-137.0
19663,-149.0
19664,-114.0
19665,-113.0
19666,-114.0
19667,-113.0
19668,-114.0
19669,-145.0
19670,-112.0
19671,-143.0
19672,-139.0
19673,-114.0
19674,-114.0
19675,-113.0
19676,-115.0
19677,-116.0
19678,-114.0
19679,-115.0
19680,-114.0
19681,-112.0
19682,-137.0
19683,-112.0
19684,-112.0
19685,-112.0
19686,-140.0
19687,-114.0
19688,-133.0
19689,-147.0
19690,-113.0
19691,-141.0
19692,-112.0
19693,-113.0
19694,-112.0
19695,-140.0
19696,-112.0
19697,-137.0
19698,-138.0
19699,-143.0
19700,-114.0
19701,-112.0
19702,-143.0
19703,-140.0
19704,-112.0
19705,-134.0
19706,-148.0
19707,-140.0
19708,-140.0
19709,-112.0
19710,-113.0
19711,-114.0
19712,-137.0
19713,-112.0
19714,-139.0
19715,-138.0
19716,-151.0
19717,-113.0
19718,-112.0
19719,-146.0
19720,-139.0
19721,-141.0
19722,-143.0
19723,-114.0
19724,-148.0
19725,-111.0
19726,-112.0
19727,-114.0
19728,-114.0
19729,-114.0
19730,-139.0
19731,-112.0
19732,-140.0
19733,-149.0
19734,-139.0
19735,-112.0
19736,-139.0
19737,-145.0
19738,-112.0
19739,-114.0
19740,-112.0
19741,-114.0
19742,-133.0
19743,-147.0
19744,-113.0
19745,-112.0
19746,-114.0
19747,-111.0
19748,-113.0
19749,-114.0
19750,-153.0
19751,-114.0
19752,-112.0
19753,-114.0
19754,-113.0
19755,-112.0
19756,-141.0
19757,-143.0
19758,-139.0
19759,-113.0
19760,-140.0
19761,-143.0
19762,-112.0
19763,-149.0
19764,-112.0
19765,-149.0
19766,-113.0
19767,-146.0
19768,-113.0
19769,-148.0
19770,-143.0
19771,-112.0
19772,-114.0
19773,-113.0
19774,-144.0
19775,-135.0
19776,-112.0
19777,-112.0
19778,-140.0
19779,-113.0
19780,-113.0
19781,-130.0
19782,-114.0
19783,-114.0
19784,-112.0
19785,-140.0
19786,-114.0
19787,-143.0
19788,-113.0
19789,-115.0
19790,-112.0
19791,-114.0
19792,-141.0
19793,-114.0
19794,-112.0
19795,-147.0
19796,-139.0
19797,-113.0
19798,-113.0
19799,-143.0
19800,-112.0
19801,-115.0
19802,-148.0
19803,-145.0
19804,-147.0
19805,-145.0
19806,-113.0
19807,-139.0
19808,-148.0
19809,-139.0
19810,-143.0
19811,-147.0
19812,-113.0
19813,-150.0
19814,-114.0
19815,-139.0
19816,-114.0
19817,-114.0
19818,-112.0
19819,-113.0
19820,-112.0
19821,-135.0
19822,-146.0
19823,-114.0
19824,-134.0
19825,-143.0
19826,-150.0
19827,-147.0
19828,-144.0
19829,-115.0
19830,-139.0
19831,-148.0
19832,-113.0
19833,-149.0
19834,-144.0
19835,-143.0
19836,-133.0
19837,-138.0
19838,-112.0
19839,-113.0
19840,-144.0
19841,-140.0
19842,-112.0
19843,-113.0
19844,-115.0
19845,-147.0
19846,-112.0
19847,-114.0
19848,-112.0
19849,-149.0
19850,-147.0
19851,-144.0
19852,-147.0
19853,-151.0
19854,-114.0
19855,-115.0
19856,-146.0
19857,-146.0
19858,-113.0
19859,-114.0
19860,-150.0
19861,-113.0
19862,-147.0
19863,-140.0
19864,-142.0
19865,-114.0
19866,-147.0
19867,-113.0
19868,-113.0
19869,-114.0
19870,-113.0
19871,-112.0
19872,-112.0
19873,-144.0
19874,-114.0
19875,-144.0
19876,-113.0
19877,-147.0
19878,-115.0
19879,-113.0
19880,-113.0
19881,-112.0
19882,-140.0
19883,-142.0
19884,-114.0
19885,-112.0
19886,-148.0
19887,-113.0
19888,-143.0
19889,-149.0
19890,-113.0
19891,-144.0
19892,-143.0
19893,-114.0
19894,-152.0
19895,-114.0
19896,-112.0
19897,-112.0
19898,-131.0
19899,-149.0
19900,-112.0
19901,-114.0
19902,-113.0
19903,-143.0
19904,-139.0
19905,-133.0
19906,-140.0
19907,-139.0
19908,-147.0
19909,-143.0
19910,-112.0
19911,-140.0
19912,-114.0
19913,-116.0
19914,-147.0
19915,-114.0
19916,-112.0
19917,-148.0
19918,-141.0
19919,-113.0
19920,-147.0
19921,-148.0
19922,-114.0
19923,-113.0
19924,-148.0
19925,-140.0
19926,-144.0
19927,-151.0
19928,-150.0
19929,-112.0
19930,-138.0
19931,-115.0
19932,-115.0
19933,-144.0
19934,-115.0
19935,-145.0
19936,-114.0
19937,-114.0
19938,-112.0
19939,-147.0
19940,-133.0
19941,-139.0
19942,-138.0
19943,-112.0
19944,-143.0
19945,-113.0
19946,-148.0
19947,-137.0
19948,-139.0
19949,-146.0
19950,-114.0
19951,-113.0
19952,-146.0
19953,-149.0
19954,-113.0
19955,-133.0
19956,-149.0
19957,-139.0
19958,-146.0
19959,-114.0
19960,-137.0
19961,-113.0
19962,-144.0
19963,-114.0
19964,-114.0
19965,-146.0
19966,-114.0
19967,-112.0
19968,-143.0
19969,-146.0
19970,-113.0
19971,-113.0
19972,-112.0
19973,-150.0
19974,-145.0
19975,-140.0
19976,-113.0
19977,-146.0
19978,-114.0
19979,-144.0
19980,-133.0
19981,-139.0
19982,-144.0
19983,-112.0
19984,-148.0
19985,-146.0
19986,-113.0
19987,-140.0
19988,-137.0
19989,-143.0
19990,-143.0
19991,-114.0
19992,-140.0
19993,-149.0
19994,-112.0
19995,-114.0
19996,-147.0
19997,-113.0
19998,-112.0
19999,-114.0
20000,-133.0
